block,trial_in_block,condCode,primeType,identity,word,nStandards,isTarget,targetPosition,standardImage,deviantImage,standardTargetImage,deviantTargetImage
1,1,NS,NEGATIVE,SELF,גִילוּי עֲרָיוֹת,3,1,4,/Users/omertzuk/code/EEG/vMMR_EEG_PsychoPy_experiment/stimuli/faces/GenAI_faces/self.png,/Users/omertzuk/code/EEG/vMMR_EEG_PsychoPy_experiment/stimuli/faces/GenAI_faces/morph50.png,/Users/omertzuk/code/EEG/vMMR_EEG_PsychoPy_experiment/stimuli/faces/GenAI_faces/self_target.png,/Users/omertzuk/code/EEG/vMMR_EEG_PsychoPy_experiment/stimuli/faces/GenAI_faces/morph50_target.png
1,2,DO,DEATH,OTHER,סַרְטָן,6,1,3,/Users/omertzuk/code/EEG/vMMR_EEG_PsychoPy_experiment/stimuli/faces/GenAI_faces/other.png,/Users/omertzuk/code/EEG/vMMR_EEG_PsychoPy_experiment/stimuli/faces/GenAI_faces/morph50.png,/Users/omertzuk/code/EEG/vMMR_EEG_PsychoPy_experiment/stimuli/faces/GenAI_faces/other_target.png,/Users/omertzuk/code/EEG/vMMR_EEG_PsychoPy_experiment/stimuli/faces/GenAI_faces/morph50_target.png
1,3,DO,DEATH,OTHER,גְּוִיָה,4,0,-1,/Users/omertzuk/code/EEG/vMMR_EEG_PsychoPy_experiment/stimuli/faces/GenAI_faces/other.png,/Users/omertzuk/code/EEG/vMMR_EEG_PsychoPy_experiment/stimuli/faces/GenAI_faces/morph50.png,/Users/omertzuk/code/EEG/vMMR_EEG_PsychoPy_experiment/stimuli/faces/GenAI_faces/other_target.png,/Users/omertzuk/code/EEG/vMMR_EEG_PsychoPy_experiment/stimuli/faces/GenAI_faces/morph50_target.png
1,4,NO,NEGATIVE,OTHER,גְנֵיבָה,4,0,-1,/Users/omertzuk/code/EEG/vMMR_EEG_PsychoPy_experiment/stimuli/faces/GenAI_faces/other.png,/Users/omertzuk/code/EEG/vMMR_EEG_PsychoPy_experiment/stimuli/faces/GenAI_faces/morph50.png,/Users/omertzuk/code/EEG/vMMR_EEG_PsychoPy_experiment/stimuli/faces/GenAI_faces/other_target.png,/Users/omertzuk/code/EEG/vMMR_EEG_PsychoPy_experiment/stimuli/faces/GenAI_faces/morph50_target.png
1,5,DO,DEATH,OTHER,גוּלְגוֹלֶת,5,0,-1,/Users/omertzuk/code/EEG/vMMR_EEG_PsychoPy_experiment/stimuli/faces/GenAI_faces/other.png,/Users/omertzuk/code/EEG/vMMR_EEG_PsychoPy_experiment/stimuli/faces/GenAI_faces/morph50.png,/Users/omertzuk/code/EEG/vMMR_EEG_PsychoPy_experiment/stimuli/faces/GenAI_faces/other_target.png,/Users/omertzuk/code/EEG/vMMR_EEG_PsychoPy_experiment/stimuli/faces/GenAI_faces/morph50_target.png
1,6,NS,NEGATIVE,SELF,גֶּזֶל,3,1,2,/Users/omertzuk/code/EEG/vMMR_EEG_PsychoPy_experiment/stimuli/faces/GenAI_faces/self.png,/Users/omertzuk/code/EEG/vMMR_EEG_PsychoPy_experiment/stimuli/faces/GenAI_faces/morph50.png,/Users/omertzuk/code/EEG/vMMR_EEG_PsychoPy_experiment/stimuli/faces/GenAI_faces/self_target.png,/Users/omertzuk/code/EEG/vMMR_EEG_PsychoPy_experiment/stimuli/faces/GenAI_faces/morph50_target.png
1,7,NO,NEGATIVE,OTHER,הַכָּאָה,5,0,-1,/Users/omertzuk/code/EEG/vMMR_EEG_PsychoPy_experiment/stimuli/faces/GenAI_faces/other.png,/Users/omertzuk/code/EEG/vMMR_EEG_PsychoPy_experiment/stimuli/faces/GenAI_faces/morph50.png,/Users/omertzuk/code/EEG/vMMR_EEG_PsychoPy_experiment/stimuli/faces/GenAI_faces/other_target.png,/Users/omertzuk/code/EEG/vMMR_EEG_PsychoPy_experiment/stimuli/faces/GenAI_faces/morph50_target.png
1,8,DO,DEATH,OTHER,הָרוּג,3,0,-1,/Users/omertzuk/code/EEG/vMMR_EEG_PsychoPy_experiment/stimuli/faces/GenAI_faces/other.png,/Users/omertzuk/code/EEG/vMMR_EEG_PsychoPy_experiment/stimuli/faces/GenAI_faces/morph50.png,/Users/omertzuk/code/EEG/vMMR_EEG_PsychoPy_experiment/stimuli/faces/GenAI_faces/other_target.png,/Users/omertzuk/code/EEG/vMMR_EEG_PsychoPy_experiment/stimuli/faces/GenAI_faces/morph50_target.png
1,9,NS,NEGATIVE,SELF,עֲלוּקָה,4,0,-1,/Users/omertzuk/code/EEG/vMMR_EEG_PsychoPy_experiment/stimuli/faces/GenAI_faces/self.png,/Users/omertzuk/code/EEG/vMMR_EEG_PsychoPy_experiment/stimuli/faces/GenAI_faces/morph50.png,/Users/omertzuk/code/EEG/vMMR_EEG_PsychoPy_experiment/stimuli/faces/GenAI_faces/self_target.png,/Users/omertzuk/code/EEG/vMMR_EEG_PsychoPy_experiment/stimuli/faces/GenAI_faces/morph50_target.png
1,10,NS,NEGATIVE,SELF,שִׁפְחָה,5,0,-1,/Users/omertzuk/code/EEG/vMMR_EEG_PsychoPy_experiment/stimuli/faces/GenAI_faces/self.png,/Users/omertzuk/code/EEG/vMMR_EEG_PsychoPy_experiment/stimuli/faces/GenAI_faces/morph50.png,/Users/omertzuk/code/EEG/vMMR_EEG_PsychoPy_experiment/stimuli/faces/GenAI_faces/self_target.png,/Users/omertzuk/code/EEG/vMMR_EEG_PsychoPy_experiment/stimuli/faces/GenAI_faces/morph50_target.png
1,11,NO,NEGATIVE,OTHER,הַטְרָדָה,6,0,-1,/Users/omertzuk/code/EEG/vMMR_EEG_PsychoPy_experiment/stimuli/faces/GenAI_faces/other.png,/Users/omertzuk/code/EEG/vMMR_EEG_PsychoPy_experiment/stimuli/faces/GenAI_faces/morph50.png,/Users/omertzuk/code/EEG/vMMR_EEG_PsychoPy_experiment/stimuli/faces/GenAI_faces/other_target.png,/Users/omertzuk/code/EEG/vMMR_EEG_PsychoPy_experiment/stimuli/faces/GenAI_faces/morph50_target.png
1,12,DS,DEATH,SELF,דְּוַי,5,1,4,/Users/omertzuk/code/EEG/vMMR_EEG_PsychoPy_experiment/stimuli/faces/GenAI_faces/self.png,/Users/omertzuk/code/EEG/vMMR_EEG_PsychoPy_experiment/stimuli/faces/GenAI_faces/morph50.png,/Users/omertzuk/code/EEG/vMMR_EEG_PsychoPy_experiment/stimuli/faces/GenAI_faces/self_target.png,/Users/omertzuk/code/EEG/vMMR_EEG_PsychoPy_experiment/stimuli/faces/GenAI_faces/morph50_target.png
1,13,DO,DEATH,OTHER,טֶבַח,6,0,-1,/Users/omertzuk/code/EEG/vMMR_EEG_PsychoPy_experiment/stimuli/faces/GenAI_faces/other.png,/Users/omertzuk/code/EEG/vMMR_EEG_PsychoPy_experiment/stimuli/faces/GenAI_faces/morph50.png,/Users/omertzuk/code/EEG/vMMR_EEG_PsychoPy_experiment/stimuli/faces/GenAI_faces/other_target.png,/Users/omertzuk/code/EEG/vMMR_EEG_PsychoPy_experiment/stimuli/faces/GenAI_faces/morph50_target.png
1,14,NS,NEGATIVE,SELF,בְּחִילָה,5,1,4,/Users/omertzuk/code/EEG/vMMR_EEG_PsychoPy_experiment/stimuli/faces/GenAI_faces/self.png,/Users/omertzuk/code/EEG/vMMR_EEG_PsychoPy_experiment/stimuli/faces/GenAI_faces/morph50.png,/Users/omertzuk/code/EEG/vMMR_EEG_PsychoPy_experiment/stimuli/faces/GenAI_faces/self_target.png,/Users/omertzuk/code/EEG/vMMR_EEG_PsychoPy_experiment/stimuli/faces/GenAI_faces/morph50_target.png
1,15,NS,NEGATIVE,SELF,הַשְׁפָּלָה,6,1,7,/Users/omertzuk/code/EEG/vMMR_EEG_PsychoPy_experiment/stimuli/faces/GenAI_faces/self.png,/Users/omertzuk/code/EEG/vMMR_EEG_PsychoPy_experiment/stimuli/faces/GenAI_faces/morph50.png,/Users/omertzuk/code/EEG/vMMR_EEG_PsychoPy_experiment/stimuli/faces/GenAI_faces/self_target.png,/Users/omertzuk/code/EEG/vMMR_EEG_PsychoPy_experiment/stimuli/faces/GenAI_faces/morph50_target.png
1,16,DS,DEATH,SELF,קְבוּרָה,6,0,-1,/Users/omertzuk/code/EEG/vMMR_EEG_PsychoPy_experiment/stimuli/faces/GenAI_faces/self.png,/Users/omertzuk/code/EEG/vMMR_EEG_PsychoPy_experiment/stimuli/faces/GenAI_faces/morph50.png,/Users/omertzuk/code/EEG/vMMR_EEG_PsychoPy_experiment/stimuli/faces/GenAI_faces/self_target.png,/Users/omertzuk/code/EEG/vMMR_EEG_PsychoPy_experiment/stimuli/faces/GenAI_faces/morph50_target.png
1,17,DS,DEATH,SELF,מַצֵבָה,4,1,2,/Users/omertzuk/code/EEG/vMMR_EEG_PsychoPy_experiment/stimuli/faces/GenAI_faces/self.png,/Users/omertzuk/code/EEG/vMMR_EEG_PsychoPy_experiment/stimuli/faces/GenAI_faces/morph50.png,/Users/omertzuk/code/EEG/vMMR_EEG_PsychoPy_experiment/stimuli/faces/GenAI_faces/self_target.png,/Users/omertzuk/code/EEG/vMMR_EEG_PsychoPy_experiment/stimuli/faces/GenAI_faces/morph50_target.png
1,18,DS,DEATH,SELF,פְּטִירָה,5,0,-1,/Users/omertzuk/code/EEG/vMMR_EEG_PsychoPy_experiment/stimuli/faces/GenAI_faces/self.png,/Users/omertzuk/code/EEG/vMMR_EEG_PsychoPy_experiment/stimuli/faces/GenAI_faces/morph50.png,/Users/omertzuk/code/EEG/vMMR_EEG_PsychoPy_experiment/stimuli/faces/GenAI_faces/self_target.png,/Users/omertzuk/code/EEG/vMMR_EEG_PsychoPy_experiment/stimuli/faces/GenAI_faces/morph50_target.png
1,19,DS,DEATH,SELF,מוּמְיָה,4,1,5,/Users/omertzuk/code/EEG/vMMR_EEG_PsychoPy_experiment/stimuli/faces/GenAI_faces/self.png,/Users/omertzuk/code/EEG/vMMR_EEG_PsychoPy_experiment/stimuli/faces/GenAI_faces/morph50.png,/Users/omertzuk/code/EEG/vMMR_EEG_PsychoPy_experiment/stimuli/faces/GenAI_faces/self_target.png,/Users/omertzuk/code/EEG/vMMR_EEG_PsychoPy_experiment/stimuli/faces/GenAI_faces/morph50_target.png
1,20,DS,DEATH,SELF,מָוֶת,5,0,-1,/Users/omertzuk/code/EEG/vMMR_EEG_PsychoPy_experiment/stimuli/faces/GenAI_faces/self.png,/Users/omertzuk/code/EEG/vMMR_EEG_PsychoPy_experiment/stimuli/faces/GenAI_faces/morph50.png,/Users/omertzuk/code/EEG/vMMR_EEG_PsychoPy_experiment/stimuli/faces/GenAI_faces/self_target.png,/Users/omertzuk/code/EEG/vMMR_EEG_PsychoPy_experiment/stimuli/faces/GenAI_faces/morph50_target.png
1,21,NS,NEGATIVE,SELF,שֶׁקֶר,6,0,-1,/Users/omertzuk/code/EEG/vMMR_EEG_PsychoPy_experiment/stimuli/faces/GenAI_faces/self.png,/Users/omertzuk/code/EEG/vMMR_EEG_PsychoPy_experiment/stimuli/faces/GenAI_faces/morph50.png,/Users/omertzuk/code/EEG/vMMR_EEG_PsychoPy_experiment/stimuli/faces/GenAI_faces/self_target.png,/Users/omertzuk/code/EEG/vMMR_EEG_PsychoPy_experiment/stimuli/faces/GenAI_faces/morph50_target.png
1,22,DO,DEATH,OTHER,יָגוֹן,4,1,5,/Users/omertzuk/code/EEG/vMMR_EEG_PsychoPy_experiment/stimuli/faces/GenAI_faces/other.png,/Users/omertzuk/code/EEG/vMMR_EEG_PsychoPy_experiment/stimuli/faces/GenAI_faces/morph50.png,/Users/omertzuk/code/EEG/vMMR_EEG_PsychoPy_experiment/stimuli/faces/GenAI_faces/other_target.png,/Users/omertzuk/code/EEG/vMMR_EEG_PsychoPy_experiment/stimuli/faces/GenAI_faces/morph50_target.png
1,23,DO,DEATH,OTHER,טְבִיעָה,6,0,-1,/Users/omertzuk/code/EEG/vMMR_EEG_PsychoPy_experiment/stimuli/faces/GenAI_faces/other.png,/Users/omertzuk/code/EEG/vMMR_EEG_PsychoPy_experiment/stimuli/faces/GenAI_faces/morph50.png,/Users/omertzuk/code/EEG/vMMR_EEG_PsychoPy_experiment/stimuli/faces/GenAI_faces/other_target.png,/Users/omertzuk/code/EEG/vMMR_EEG_PsychoPy_experiment/stimuli/faces/GenAI_faces/morph50_target.png
1,24,NS,NEGATIVE,SELF,סְכִיזוֹפְרֶנְיָה,3,0,-1,/Users/omertzuk/code/EEG/vMMR_EEG_PsychoPy_experiment/stimuli/faces/GenAI_faces/self.png,/Users/omertzuk/code/EEG/vMMR_EEG_PsychoPy_experiment/stimuli/faces/GenAI_faces/morph50.png,/Users/omertzuk/code/EEG/vMMR_EEG_PsychoPy_experiment/stimuli/faces/GenAI_faces/self_target.png,/Users/omertzuk/code/EEG/vMMR_EEG_PsychoPy_experiment/stimuli/faces/GenAI_faces/morph50_target.png
1,25,NO,NEGATIVE,OTHER,נִיפּוּץ,4,1,1,/Users/omertzuk/code/EEG/vMMR_EEG_PsychoPy_experiment/stimuli/faces/GenAI_faces/other.png,/Users/omertzuk/code/EEG/vMMR_EEG_PsychoPy_experiment/stimuli/faces/GenAI_faces/morph50.png,/Users/omertzuk/code/EEG/vMMR_EEG_PsychoPy_experiment/stimuli/faces/GenAI_faces/other_target.png,/Users/omertzuk/code/EEG/vMMR_EEG_PsychoPy_experiment/stimuli/faces/GenAI_faces/morph50_target.png
1,26,DO,DEATH,OTHER,אֵפֶר,3,0,-1,/Users/omertzuk/code/EEG/vMMR_EEG_PsychoPy_experiment/stimuli/faces/GenAI_faces/other.png,/Users/omertzuk/code/EEG/vMMR_EEG_PsychoPy_experiment/stimuli/faces/GenAI_faces/morph50.png,/Users/omertzuk/code/EEG/vMMR_EEG_PsychoPy_experiment/stimuli/faces/GenAI_faces/other_target.png,/Users/omertzuk/code/EEG/vMMR_EEG_PsychoPy_experiment/stimuli/faces/GenAI_faces/morph50_target.png
1,27,NO,NEGATIVE,OTHER,רֶפֶשׁ,5,1,3,/Users/omertzuk/code/EEG/vMMR_EEG_PsychoPy_experiment/stimuli/faces/GenAI_faces/other.png,/Users/omertzuk/code/EEG/vMMR_EEG_PsychoPy_experiment/stimuli/faces/GenAI_faces/morph50.png,/Users/omertzuk/code/EEG/vMMR_EEG_PsychoPy_experiment/stimuli/faces/GenAI_faces/other_target.png,/Users/omertzuk/code/EEG/vMMR_EEG_PsychoPy_experiment/stimuli/faces/GenAI_faces/morph50_target.png
1,28,NS,NEGATIVE,SELF,עָרִיצוּת,3,0,-1,/Users/omertzuk/code/EEG/vMMR_EEG_PsychoPy_experiment/stimuli/faces/GenAI_faces/self.png,/Users/omertzuk/code/EEG/vMMR_EEG_PsychoPy_experiment/stimuli/faces/GenAI_faces/morph50.png,/Users/omertzuk/code/EEG/vMMR_EEG_PsychoPy_experiment/stimuli/faces/GenAI_faces/self_target.png,/Users/omertzuk/code/EEG/vMMR_EEG_PsychoPy_experiment/stimuli/faces/GenAI_faces/morph50_target.png
1,29,NO,NEGATIVE,OTHER,מַקָק,5,1,6,/Users/omertzuk/code/EEG/vMMR_EEG_PsychoPy_experiment/stimuli/faces/GenAI_faces/other.png,/Users/omertzuk/code/EEG/vMMR_EEG_PsychoPy_experiment/stimuli/faces/GenAI_faces/morph50.png,/Users/omertzuk/code/EEG/vMMR_EEG_PsychoPy_experiment/stimuli/faces/GenAI_faces/other_target.png,/Users/omertzuk/code/EEG/vMMR_EEG_PsychoPy_experiment/stimuli/faces/GenAI_faces/morph50_target.png
1,30,DO,DEATH,OTHER,הֲרִיגָה,5,0,-1,/Users/omertzuk/code/EEG/vMMR_EEG_PsychoPy_experiment/stimuli/faces/GenAI_faces/other.png,/Users/omertzuk/code/EEG/vMMR_EEG_PsychoPy_experiment/stimuli/faces/GenAI_faces/morph50.png,/Users/omertzuk/code/EEG/vMMR_EEG_PsychoPy_experiment/stimuli/faces/GenAI_faces/other_target.png,/Users/omertzuk/code/EEG/vMMR_EEG_PsychoPy_experiment/stimuli/faces/GenAI_faces/morph50_target.png
1,31,DO,DEATH,OTHER,מַגֵיפָה,4,1,2,/Users/omertzuk/code/EEG/vMMR_EEG_PsychoPy_experiment/stimuli/faces/GenAI_faces/other.png,/Users/omertzuk/code/EEG/vMMR_EEG_PsychoPy_experiment/stimuli/faces/GenAI_faces/morph50.png,/Users/omertzuk/code/EEG/vMMR_EEG_PsychoPy_experiment/stimuli/faces/GenAI_faces/other_target.png,/Users/omertzuk/code/EEG/vMMR_EEG_PsychoPy_experiment/stimuli/faces/GenAI_faces/morph50_target.png
1,32,DO,DEATH,OTHER,אֵיידְס,3,1,1,/Users/omertzuk/code/EEG/vMMR_EEG_PsychoPy_experiment/stimuli/faces/GenAI_faces/other.png,/Users/omertzuk/code/EEG/vMMR_EEG_PsychoPy_experiment/stimuli/faces/GenAI_faces/morph50.png,/Users/omertzuk/code/EEG/vMMR_EEG_PsychoPy_experiment/stimuli/faces/GenAI_faces/other_target.png,/Users/omertzuk/code/EEG/vMMR_EEG_PsychoPy_experiment/stimuli/faces/GenAI_faces/morph50_target.png
1,33,NO,NEGATIVE,OTHER,מִיאוּס,3,0,-1,/Users/omertzuk/code/EEG/vMMR_EEG_PsychoPy_experiment/stimuli/faces/GenAI_faces/other.png,/Users/omertzuk/code/EEG/vMMR_EEG_PsychoPy_experiment/stimuli/faces/GenAI_faces/morph50.png,/Users/omertzuk/code/EEG/vMMR_EEG_PsychoPy_experiment/stimuli/faces/GenAI_faces/other_target.png,/Users/omertzuk/code/EEG/vMMR_EEG_PsychoPy_experiment/stimuli/faces/GenAI_faces/morph50_target.png
1,34,NO,NEGATIVE,OTHER,מוּגְלָה,4,0,-1,/Users/omertzuk/code/EEG/vMMR_EEG_PsychoPy_experiment/stimuli/faces/GenAI_faces/other.png,/Users/omertzuk/code/EEG/vMMR_EEG_PsychoPy_experiment/stimuli/faces/GenAI_faces/morph50.png,/Users/omertzuk/code/EEG/vMMR_EEG_PsychoPy_experiment/stimuli/faces/GenAI_faces/other_target.png,/Users/omertzuk/code/EEG/vMMR_EEG_PsychoPy_experiment/stimuli/faces/GenAI_faces/morph50_target.png
1,35,DS,DEATH,SELF,אַזְכָּרָה,4,1,4,/Users/omertzuk/code/EEG/vMMR_EEG_PsychoPy_experiment/stimuli/faces/GenAI_faces/self.png,/Users/omertzuk/code/EEG/vMMR_EEG_PsychoPy_experiment/stimuli/faces/GenAI_faces/morph50.png,/Users/omertzuk/code/EEG/vMMR_EEG_PsychoPy_experiment/stimuli/faces/GenAI_faces/self_target.png,/Users/omertzuk/code/EEG/vMMR_EEG_PsychoPy_experiment/stimuli/faces/GenAI_faces/morph50_target.png
1,36,DO,DEATH,OTHER,כִימוֹתֶרַפְּיָה,4,0,-1,/Users/omertzuk/code/EEG/vMMR_EEG_PsychoPy_experiment/stimuli/faces/GenAI_faces/other.png,/Users/omertzuk/code/EEG/vMMR_EEG_PsychoPy_experiment/stimuli/faces/GenAI_faces/morph50.png,/Users/omertzuk/code/EEG/vMMR_EEG_PsychoPy_experiment/stimuli/faces/GenAI_faces/other_target.png,/Users/omertzuk/code/EEG/vMMR_EEG_PsychoPy_experiment/stimuli/faces/GenAI_faces/morph50_target.png
1,37,NO,NEGATIVE,OTHER,צְבִיעוּת,6,0,-1,/Users/omertzuk/code/EEG/vMMR_EEG_PsychoPy_experiment/stimuli/faces/GenAI_faces/other.png,/Users/omertzuk/code/EEG/vMMR_EEG_PsychoPy_experiment/stimuli/faces/GenAI_faces/morph50.png,/Users/omertzuk/code/EEG/vMMR_EEG_PsychoPy_experiment/stimuli/faces/GenAI_faces/other_target.png,/Users/omertzuk/code/EEG/vMMR_EEG_PsychoPy_experiment/stimuli/faces/GenAI_faces/morph50_target.png
1,38,DS,DEATH,SELF,אוֹבְדָן,5,1,2,/Users/omertzuk/code/EEG/vMMR_EEG_PsychoPy_experiment/stimuli/faces/GenAI_faces/self.png,/Users/omertzuk/code/EEG/vMMR_EEG_PsychoPy_experiment/stimuli/faces/GenAI_faces/morph50.png,/Users/omertzuk/code/EEG/vMMR_EEG_PsychoPy_experiment/stimuli/faces/GenAI_faces/self_target.png,/Users/omertzuk/code/EEG/vMMR_EEG_PsychoPy_experiment/stimuli/faces/GenAI_faces/morph50_target.png
1,39,NO,NEGATIVE,OTHER,זִלְזוּל,4,0,-1,/Users/omertzuk/code/EEG/vMMR_EEG_PsychoPy_experiment/stimuli/faces/GenAI_faces/other.png,/Users/omertzuk/code/EEG/vMMR_EEG_PsychoPy_experiment/stimuli/faces/GenAI_faces/morph50.png,/Users/omertzuk/code/EEG/vMMR_EEG_PsychoPy_experiment/stimuli/faces/GenAI_faces/other_target.png,/Users/omertzuk/code/EEG/vMMR_EEG_PsychoPy_experiment/stimuli/faces/GenAI_faces/morph50_target.png
1,40,DO,DEATH,OTHER,תְמוּתָה,3,0,-1,/Users/omertzuk/code/EEG/vMMR_EEG_PsychoPy_experiment/stimuli/faces/GenAI_faces/other.png,/Users/omertzuk/code/EEG/vMMR_EEG_PsychoPy_experiment/stimuli/faces/GenAI_faces/morph50.png,/Users/omertzuk/code/EEG/vMMR_EEG_PsychoPy_experiment/stimuli/faces/GenAI_faces/other_target.png,/Users/omertzuk/code/EEG/vMMR_EEG_PsychoPy_experiment/stimuli/faces/GenAI_faces/morph50_target.png
1,41,NO,NEGATIVE,OTHER,זֵיעָה,5,0,-1,/Users/omertzuk/code/EEG/vMMR_EEG_PsychoPy_experiment/stimuli/faces/GenAI_faces/other.png,/Users/omertzuk/code/EEG/vMMR_EEG_PsychoPy_experiment/stimuli/faces/GenAI_faces/morph50.png,/Users/omertzuk/code/EEG/vMMR_EEG_PsychoPy_experiment/stimuli/faces/GenAI_faces/other_target.png,/Users/omertzuk/code/EEG/vMMR_EEG_PsychoPy_experiment/stimuli/faces/GenAI_faces/morph50_target.png
1,42,NS,NEGATIVE,SELF,מֵדוּזָה,3,0,-1,/Users/omertzuk/code/EEG/vMMR_EEG_PsychoPy_experiment/stimuli/faces/GenAI_faces/self.png,/Users/omertzuk/code/EEG/vMMR_EEG_PsychoPy_experiment/stimuli/faces/GenAI_faces/morph50.png,/Users/omertzuk/code/EEG/vMMR_EEG_PsychoPy_experiment/stimuli/faces/GenAI_faces/self_target.png,/Users/omertzuk/code/EEG/vMMR_EEG_PsychoPy_experiment/stimuli/faces/GenAI_faces/morph50_target.png
1,43,NO,NEGATIVE,OTHER,שׁוֹט,3,0,-1,/Users/omertzuk/code/EEG/vMMR_EEG_PsychoPy_experiment/stimuli/faces/GenAI_faces/other.png,/Users/omertzuk/code/EEG/vMMR_EEG_PsychoPy_experiment/stimuli/faces/GenAI_faces/morph50.png,/Users/omertzuk/code/EEG/vMMR_EEG_PsychoPy_experiment/stimuli/faces/GenAI_faces/other_target.png,/Users/omertzuk/code/EEG/vMMR_EEG_PsychoPy_experiment/stimuli/faces/GenAI_faces/morph50_target.png
1,44,DS,DEATH,SELF,הִתְאַבְּדוּת,6,0,-1,/Users/omertzuk/code/EEG/vMMR_EEG_PsychoPy_experiment/stimuli/faces/GenAI_faces/self.png,/Users/omertzuk/code/EEG/vMMR_EEG_PsychoPy_experiment/stimuli/faces/GenAI_faces/morph50.png,/Users/omertzuk/code/EEG/vMMR_EEG_PsychoPy_experiment/stimuli/faces/GenAI_faces/self_target.png,/Users/omertzuk/code/EEG/vMMR_EEG_PsychoPy_experiment/stimuli/faces/GenAI_faces/morph50_target.png
1,45,DO,DEATH,OTHER,אֵבֶל,4,0,-1,/Users/omertzuk/code/EEG/vMMR_EEG_PsychoPy_experiment/stimuli/faces/GenAI_faces/other.png,/Users/omertzuk/code/EEG/vMMR_EEG_PsychoPy_experiment/stimuli/faces/GenAI_faces/morph50.png,/Users/omertzuk/code/EEG/vMMR_EEG_PsychoPy_experiment/stimuli/faces/GenAI_faces/other_target.png,/Users/omertzuk/code/EEG/vMMR_EEG_PsychoPy_experiment/stimuli/faces/GenAI_faces/morph50_target.png
1,46,DO,DEATH,OTHER,שְׁכוֹל,5,0,-1,/Users/omertzuk/code/EEG/vMMR_EEG_PsychoPy_experiment/stimuli/faces/GenAI_faces/other.png,/Users/omertzuk/code/EEG/vMMR_EEG_PsychoPy_experiment/stimuli/faces/GenAI_faces/morph50.png,/Users/omertzuk/code/EEG/vMMR_EEG_PsychoPy_experiment/stimuli/faces/GenAI_faces/other_target.png,/Users/omertzuk/code/EEG/vMMR_EEG_PsychoPy_experiment/stimuli/faces/GenAI_faces/morph50_target.png
1,47,DS,DEATH,SELF,פּוֹגְרוֹם,3,0,-1,/Users/omertzuk/code/EEG/vMMR_EEG_PsychoPy_experiment/stimuli/faces/GenAI_faces/self.png,/Users/omertzuk/code/EEG/vMMR_EEG_PsychoPy_experiment/stimuli/faces/GenAI_faces/morph50.png,/Users/omertzuk/code/EEG/vMMR_EEG_PsychoPy_experiment/stimuli/faces/GenAI_faces/self_target.png,/Users/omertzuk/code/EEG/vMMR_EEG_PsychoPy_experiment/stimuli/faces/GenAI_faces/morph50_target.png
1,48,DO,DEATH,OTHER,תַכְרִיכִים,4,0,-1,/Users/omertzuk/code/EEG/vMMR_EEG_PsychoPy_experiment/stimuli/faces/GenAI_faces/other.png,/Users/omertzuk/code/EEG/vMMR_EEG_PsychoPy_experiment/stimuli/faces/GenAI_faces/morph50.png,/Users/omertzuk/code/EEG/vMMR_EEG_PsychoPy_experiment/stimuli/faces/GenAI_faces/other_target.png,/Users/omertzuk/code/EEG/vMMR_EEG_PsychoPy_experiment/stimuli/faces/GenAI_faces/morph50_target.png
1,49,NS,NEGATIVE,SELF,אֲסִיר,6,1,6,/Users/omertzuk/code/EEG/vMMR_EEG_PsychoPy_experiment/stimuli/faces/GenAI_faces/self.png,/Users/omertzuk/code/EEG/vMMR_EEG_PsychoPy_experiment/stimuli/faces/GenAI_faces/morph50.png,/Users/omertzuk/code/EEG/vMMR_EEG_PsychoPy_experiment/stimuli/faces/GenAI_faces/self_target.png,/Users/omertzuk/code/EEG/vMMR_EEG_PsychoPy_experiment/stimuli/faces/GenAI_faces/morph50_target.png
1,50,DS,DEATH,SELF,לְוָיָה,3,0,-1,/Users/omertzuk/code/EEG/vMMR_EEG_PsychoPy_experiment/stimuli/faces/GenAI_faces/self.png,/Users/omertzuk/code/EEG/vMMR_EEG_PsychoPy_experiment/stimuli/faces/GenAI_faces/morph50.png,/Users/omertzuk/code/EEG/vMMR_EEG_PsychoPy_experiment/stimuli/faces/GenAI_faces/self_target.png,/Users/omertzuk/code/EEG/vMMR_EEG_PsychoPy_experiment/stimuli/faces/GenAI_faces/morph50_target.png
1,51,NS,NEGATIVE,SELF,שׁוֹחַד,5,0,-1,/Users/omertzuk/code/EEG/vMMR_EEG_PsychoPy_experiment/stimuli/faces/GenAI_faces/self.png,/Users/omertzuk/code/EEG/vMMR_EEG_PsychoPy_experiment/stimuli/faces/GenAI_faces/morph50.png,/Users/omertzuk/code/EEG/vMMR_EEG_PsychoPy_experiment/stimuli/faces/GenAI_faces/self_target.png,/Users/omertzuk/code/EEG/vMMR_EEG_PsychoPy_experiment/stimuli/faces/GenAI_faces/morph50_target.png
1,52,DS,DEATH,SELF,גֵיהִנוֹם,3,0,-1,/Users/omertzuk/code/EEG/vMMR_EEG_PsychoPy_experiment/stimuli/faces/GenAI_faces/self.png,/Users/omertzuk/code/EEG/vMMR_EEG_PsychoPy_experiment/stimuli/faces/GenAI_faces/morph50.png,/Users/omertzuk/code/EEG/vMMR_EEG_PsychoPy_experiment/stimuli/faces/GenAI_faces/self_target.png,/Users/omertzuk/code/EEG/vMMR_EEG_PsychoPy_experiment/stimuli/faces/GenAI_faces/morph50_target.png
1,53,NO,NEGATIVE,OTHER,רַעַשׁ,3,1,1,/Users/omertzuk/code/EEG/vMMR_EEG_PsychoPy_experiment/stimuli/faces/GenAI_faces/other.png,/Users/omertzuk/code/EEG/vMMR_EEG_PsychoPy_experiment/stimuli/faces/GenAI_faces/morph50.png,/Users/omertzuk/code/EEG/vMMR_EEG_PsychoPy_experiment/stimuli/faces/GenAI_faces/other_target.png,/Users/omertzuk/code/EEG/vMMR_EEG_PsychoPy_experiment/stimuli/faces/GenAI_faces/morph50_target.png
1,54,NO,NEGATIVE,OTHER,עָרִיץ,5,1,5,/Users/omertzuk/code/EEG/vMMR_EEG_PsychoPy_experiment/stimuli/faces/GenAI_faces/other.png,/Users/omertzuk/code/EEG/vMMR_EEG_PsychoPy_experiment/stimuli/faces/GenAI_faces/morph50.png,/Users/omertzuk/code/EEG/vMMR_EEG_PsychoPy_experiment/stimuli/faces/GenAI_faces/other_target.png,/Users/omertzuk/code/EEG/vMMR_EEG_PsychoPy_experiment/stimuli/faces/GenAI_faces/morph50_target.png
1,55,DS,DEATH,SELF,גְסִיסָה,4,0,-1,/Users/omertzuk/code/EEG/vMMR_EEG_PsychoPy_experiment/stimuli/faces/GenAI_faces/self.png,/Users/omertzuk/code/EEG/vMMR_EEG_PsychoPy_experiment/stimuli/faces/GenAI_faces/morph50.png,/Users/omertzuk/code/EEG/vMMR_EEG_PsychoPy_experiment/stimuli/faces/GenAI_faces/self_target.png,/Users/omertzuk/code/EEG/vMMR_EEG_PsychoPy_experiment/stimuli/faces/GenAI_faces/morph50_target.png
1,56,DO,DEATH,OTHER,נְשָׁמָה,5,1,3,/Users/omertzuk/code/EEG/vMMR_EEG_PsychoPy_experiment/stimuli/faces/GenAI_faces/other.png,/Users/omertzuk/code/EEG/vMMR_EEG_PsychoPy_experiment/stimuli/faces/GenAI_faces/morph50.png,/Users/omertzuk/code/EEG/vMMR_EEG_PsychoPy_experiment/stimuli/faces/GenAI_faces/other_target.png,/Users/omertzuk/code/EEG/vMMR_EEG_PsychoPy_experiment/stimuli/faces/GenAI_faces/morph50_target.png
1,57,NS,NEGATIVE,SELF,נִיאוּף,5,0,-1,/Users/omertzuk/code/EEG/vMMR_EEG_PsychoPy_experiment/stimuli/faces/GenAI_faces/self.png,/Users/omertzuk/code/EEG/vMMR_EEG_PsychoPy_experiment/stimuli/faces/GenAI_faces/morph50.png,/Users/omertzuk/code/EEG/vMMR_EEG_PsychoPy_experiment/stimuli/faces/GenAI_faces/self_target.png,/Users/omertzuk/code/EEG/vMMR_EEG_PsychoPy_experiment/stimuli/faces/GenAI_faces/morph50_target.png
1,58,DS,DEATH,SELF,קֶבֶר,6,0,-1,/Users/omertzuk/code/EEG/vMMR_EEG_PsychoPy_experiment/stimuli/faces/GenAI_faces/self.png,/Users/omertzuk/code/EEG/vMMR_EEG_PsychoPy_experiment/stimuli/faces/GenAI_faces/morph50.png,/Users/omertzuk/code/EEG/vMMR_EEG_PsychoPy_experiment/stimuli/faces/GenAI_faces/self_target.png,/Users/omertzuk/code/EEG/vMMR_EEG_PsychoPy_experiment/stimuli/faces/GenAI_faces/morph50_target.png
1,59,DS,DEATH,SELF,רַעַל,6,1,4,/Users/omertzuk/code/EEG/vMMR_EEG_PsychoPy_experiment/stimuli/faces/GenAI_faces/self.png,/Users/omertzuk/code/EEG/vMMR_EEG_PsychoPy_experiment/stimuli/faces/GenAI_faces/morph50.png,/Users/omertzuk/code/EEG/vMMR_EEG_PsychoPy_experiment/stimuli/faces/GenAI_faces/self_target.png,/Users/omertzuk/code/EEG/vMMR_EEG_PsychoPy_experiment/stimuli/faces/GenAI_faces/morph50_target.png
1,60,DO,DEATH,OTHER,גִ'יהַאד,5,0,-1,/Users/omertzuk/code/EEG/vMMR_EEG_PsychoPy_experiment/stimuli/faces/GenAI_faces/other.png,/Users/omertzuk/code/EEG/vMMR_EEG_PsychoPy_experiment/stimuli/faces/GenAI_faces/morph50.png,/Users/omertzuk/code/EEG/vMMR_EEG_PsychoPy_experiment/stimuli/faces/GenAI_faces/other_target.png,/Users/omertzuk/code/EEG/vMMR_EEG_PsychoPy_experiment/stimuli/faces/GenAI_faces/morph50_target.png
1,61,NS,NEGATIVE,SELF,נְשִׁיכָה,4,1,3,/Users/omertzuk/code/EEG/vMMR_EEG_PsychoPy_experiment/stimuli/faces/GenAI_faces/self.png,/Users/omertzuk/code/EEG/vMMR_EEG_PsychoPy_experiment/stimuli/faces/GenAI_faces/morph50.png,/Users/omertzuk/code/EEG/vMMR_EEG_PsychoPy_experiment/stimuli/faces/GenAI_faces/self_target.png,/Users/omertzuk/code/EEG/vMMR_EEG_PsychoPy_experiment/stimuli/faces/GenAI_faces/morph50_target.png
1,62,DO,DEATH,OTHER,חֲנִיטָה,3,0,-1,/Users/omertzuk/code/EEG/vMMR_EEG_PsychoPy_experiment/stimuli/faces/GenAI_faces/other.png,/Users/omertzuk/code/EEG/vMMR_EEG_PsychoPy_experiment/stimuli/faces/GenAI_faces/morph50.png,/Users/omertzuk/code/EEG/vMMR_EEG_PsychoPy_experiment/stimuli/faces/GenAI_faces/other_target.png,/Users/omertzuk/code/EEG/vMMR_EEG_PsychoPy_experiment/stimuli/faces/GenAI_faces/morph50_target.png
1,63,NS,NEGATIVE,SELF,בִּיזוּי,5,0,-1,/Users/omertzuk/code/EEG/vMMR_EEG_PsychoPy_experiment/stimuli/faces/GenAI_faces/self.png,/Users/omertzuk/code/EEG/vMMR_EEG_PsychoPy_experiment/stimuli/faces/GenAI_faces/morph50.png,/Users/omertzuk/code/EEG/vMMR_EEG_PsychoPy_experiment/stimuli/faces/GenAI_faces/self_target.png,/Users/omertzuk/code/EEG/vMMR_EEG_PsychoPy_experiment/stimuli/faces/GenAI_faces/morph50_target.png
1,64,DO,DEATH,OTHER,זִיקְנָה,5,0,-1,/Users/omertzuk/code/EEG/vMMR_EEG_PsychoPy_experiment/stimuli/faces/GenAI_faces/other.png,/Users/omertzuk/code/EEG/vMMR_EEG_PsychoPy_experiment/stimuli/faces/GenAI_faces/morph50.png,/Users/omertzuk/code/EEG/vMMR_EEG_PsychoPy_experiment/stimuli/faces/GenAI_faces/other_target.png,/Users/omertzuk/code/EEG/vMMR_EEG_PsychoPy_experiment/stimuli/faces/GenAI_faces/morph50_target.png
1,65,NO,NEGATIVE,OTHER,רְעָלָה,3,0,-1,/Users/omertzuk/code/EEG/vMMR_EEG_PsychoPy_experiment/stimuli/faces/GenAI_faces/other.png,/Users/omertzuk/code/EEG/vMMR_EEG_PsychoPy_experiment/stimuli/faces/GenAI_faces/morph50.png,/Users/omertzuk/code/EEG/vMMR_EEG_PsychoPy_experiment/stimuli/faces/GenAI_faces/other_target.png,/Users/omertzuk/code/EEG/vMMR_EEG_PsychoPy_experiment/stimuli/faces/GenAI_faces/morph50_target.png
1,66,NO,NEGATIVE,OTHER,זוֹנָה,6,0,-1,/Users/omertzuk/code/EEG/vMMR_EEG_PsychoPy_experiment/stimuli/faces/GenAI_faces/other.png,/Users/omertzuk/code/EEG/vMMR_EEG_PsychoPy_experiment/stimuli/faces/GenAI_faces/morph50.png,/Users/omertzuk/code/EEG/vMMR_EEG_PsychoPy_experiment/stimuli/faces/GenAI_faces/other_target.png,/Users/omertzuk/code/EEG/vMMR_EEG_PsychoPy_experiment/stimuli/faces/GenAI_faces/morph50_target.png
1,67,NS,NEGATIVE,SELF,סוֹהֵר,4,0,-1,/Users/omertzuk/code/EEG/vMMR_EEG_PsychoPy_experiment/stimuli/faces/GenAI_faces/self.png,/Users/omertzuk/code/EEG/vMMR_EEG_PsychoPy_experiment/stimuli/faces/GenAI_faces/morph50.png,/Users/omertzuk/code/EEG/vMMR_EEG_PsychoPy_experiment/stimuli/faces/GenAI_faces/self_target.png,/Users/omertzuk/code/EEG/vMMR_EEG_PsychoPy_experiment/stimuli/faces/GenAI_faces/morph50_target.png
1,68,NO,NEGATIVE,OTHER,גַנָב,5,0,-1,/Users/omertzuk/code/EEG/vMMR_EEG_PsychoPy_experiment/stimuli/faces/GenAI_faces/other.png,/Users/omertzuk/code/EEG/vMMR_EEG_PsychoPy_experiment/stimuli/faces/GenAI_faces/morph50.png,/Users/omertzuk/code/EEG/vMMR_EEG_PsychoPy_experiment/stimuli/faces/GenAI_faces/other_target.png,/Users/omertzuk/code/EEG/vMMR_EEG_PsychoPy_experiment/stimuli/faces/GenAI_faces/morph50_target.png
1,69,NS,NEGATIVE,SELF,חֶלְאָה,5,0,-1,/Users/omertzuk/code/EEG/vMMR_EEG_PsychoPy_experiment/stimuli/faces/GenAI_faces/self.png,/Users/omertzuk/code/EEG/vMMR_EEG_PsychoPy_experiment/stimuli/faces/GenAI_faces/morph50.png,/Users/omertzuk/code/EEG/vMMR_EEG_PsychoPy_experiment/stimuli/faces/GenAI_faces/self_target.png,/Users/omertzuk/code/EEG/vMMR_EEG_PsychoPy_experiment/stimuli/faces/GenAI_faces/morph50_target.png
1,70,DS,DEATH,SELF,הֶסְפֵּד,3,0,-1,/Users/omertzuk/code/EEG/vMMR_EEG_PsychoPy_experiment/stimuli/faces/GenAI_faces/self.png,/Users/omertzuk/code/EEG/vMMR_EEG_PsychoPy_experiment/stimuli/faces/GenAI_faces/morph50.png,/Users/omertzuk/code/EEG/vMMR_EEG_PsychoPy_experiment/stimuli/faces/GenAI_faces/self_target.png,/Users/omertzuk/code/EEG/vMMR_EEG_PsychoPy_experiment/stimuli/faces/GenAI_faces/morph50_target.png
1,71,DO,DEATH,OTHER,הֶסְפֵּד,3,0,-1,/Users/omertzuk/code/EEG/vMMR_EEG_PsychoPy_experiment/stimuli/faces/GenAI_faces/other.png,/Users/omertzuk/code/EEG/vMMR_EEG_PsychoPy_experiment/stimuli/faces/GenAI_faces/morph50.png,/Users/omertzuk/code/EEG/vMMR_EEG_PsychoPy_experiment/stimuli/faces/GenAI_faces/other_target.png,/Users/omertzuk/code/EEG/vMMR_EEG_PsychoPy_experiment/stimuli/faces/GenAI_faces/morph50_target.png
1,72,DO,DEATH,OTHER,תַכְרִיכִים,3,0,-1,/Users/omertzuk/code/EEG/vMMR_EEG_PsychoPy_experiment/stimuli/faces/GenAI_faces/other.png,/Users/omertzuk/code/EEG/vMMR_EEG_PsychoPy_experiment/stimuli/faces/GenAI_faces/morph50.png,/Users/omertzuk/code/EEG/vMMR_EEG_PsychoPy_experiment/stimuli/faces/GenAI_faces/other_target.png,/Users/omertzuk/code/EEG/vMMR_EEG_PsychoPy_experiment/stimuli/faces/GenAI_faces/morph50_target.png
1,73,DS,DEATH,SELF,גְסִיסָה,3,0,-1,/Users/omertzuk/code/EEG/vMMR_EEG_PsychoPy_experiment/stimuli/faces/GenAI_faces/self.png,/Users/omertzuk/code/EEG/vMMR_EEG_PsychoPy_experiment/stimuli/faces/GenAI_faces/morph50.png,/Users/omertzuk/code/EEG/vMMR_EEG_PsychoPy_experiment/stimuli/faces/GenAI_faces/self_target.png,/Users/omertzuk/code/EEG/vMMR_EEG_PsychoPy_experiment/stimuli/faces/GenAI_faces/morph50_target.png
1,74,NS,NEGATIVE,SELF,כָּאפִיָה,6,0,-1,/Users/omertzuk/code/EEG/vMMR_EEG_PsychoPy_experiment/stimuli/faces/GenAI_faces/self.png,/Users/omertzuk/code/EEG/vMMR_EEG_PsychoPy_experiment/stimuli/faces/GenAI_faces/morph50.png,/Users/omertzuk/code/EEG/vMMR_EEG_PsychoPy_experiment/stimuli/faces/GenAI_faces/self_target.png,/Users/omertzuk/code/EEG/vMMR_EEG_PsychoPy_experiment/stimuli/faces/GenAI_faces/morph50_target.png
1,75,NS,NEGATIVE,SELF,תִּיעוּב,6,0,-1,/Users/omertzuk/code/EEG/vMMR_EEG_PsychoPy_experiment/stimuli/faces/GenAI_faces/self.png,/Users/omertzuk/code/EEG/vMMR_EEG_PsychoPy_experiment/stimuli/faces/GenAI_faces/morph50.png,/Users/omertzuk/code/EEG/vMMR_EEG_PsychoPy_experiment/stimuli/faces/GenAI_faces/self_target.png,/Users/omertzuk/code/EEG/vMMR_EEG_PsychoPy_experiment/stimuli/faces/GenAI_faces/morph50_target.png
1,76,NO,NEGATIVE,OTHER,סוֹהֵר,4,0,-1,/Users/omertzuk/code/EEG/vMMR_EEG_PsychoPy_experiment/stimuli/faces/GenAI_faces/other.png,/Users/omertzuk/code/EEG/vMMR_EEG_PsychoPy_experiment/stimuli/faces/GenAI_faces/morph50.png,/Users/omertzuk/code/EEG/vMMR_EEG_PsychoPy_experiment/stimuli/faces/GenAI_faces/other_target.png,/Users/omertzuk/code/EEG/vMMR_EEG_PsychoPy_experiment/stimuli/faces/GenAI_faces/morph50_target.png
1,77,NS,NEGATIVE,SELF,עָרִיץ,4,0,-1,/Users/omertzuk/code/EEG/vMMR_EEG_PsychoPy_experiment/stimuli/faces/GenAI_faces/self.png,/Users/omertzuk/code/EEG/vMMR_EEG_PsychoPy_experiment/stimuli/faces/GenAI_faces/morph50.png,/Users/omertzuk/code/EEG/vMMR_EEG_PsychoPy_experiment/stimuli/faces/GenAI_faces/self_target.png,/Users/omertzuk/code/EEG/vMMR_EEG_PsychoPy_experiment/stimuli/faces/GenAI_faces/morph50_target.png
1,78,DS,DEATH,SELF,קְבוּרָה,5,0,-1,/Users/omertzuk/code/EEG/vMMR_EEG_PsychoPy_experiment/stimuli/faces/GenAI_faces/self.png,/Users/omertzuk/code/EEG/vMMR_EEG_PsychoPy_experiment/stimuli/faces/GenAI_faces/morph50.png,/Users/omertzuk/code/EEG/vMMR_EEG_PsychoPy_experiment/stimuli/faces/GenAI_faces/self_target.png,/Users/omertzuk/code/EEG/vMMR_EEG_PsychoPy_experiment/stimuli/faces/GenAI_faces/morph50_target.png
1,79,DS,DEATH,SELF,גִ'יהַאד,3,0,-1,/Users/omertzuk/code/EEG/vMMR_EEG_PsychoPy_experiment/stimuli/faces/GenAI_faces/self.png,/Users/omertzuk/code/EEG/vMMR_EEG_PsychoPy_experiment/stimuli/faces/GenAI_faces/morph50.png,/Users/omertzuk/code/EEG/vMMR_EEG_PsychoPy_experiment/stimuli/faces/GenAI_faces/self_target.png,/Users/omertzuk/code/EEG/vMMR_EEG_PsychoPy_experiment/stimuli/faces/GenAI_faces/morph50_target.png
1,80,NO,NEGATIVE,OTHER,נִיאוּף,4,0,-1,/Users/omertzuk/code/EEG/vMMR_EEG_PsychoPy_experiment/stimuli/faces/GenAI_faces/other.png,/Users/omertzuk/code/EEG/vMMR_EEG_PsychoPy_experiment/stimuli/faces/GenAI_faces/morph50.png,/Users/omertzuk/code/EEG/vMMR_EEG_PsychoPy_experiment/stimuli/faces/GenAI_faces/other_target.png,/Users/omertzuk/code/EEG/vMMR_EEG_PsychoPy_experiment/stimuli/faces/GenAI_faces/morph50_target.png
1,81,DS,DEATH,SELF,אֵיידְס,4,1,2,/Users/omertzuk/code/EEG/vMMR_EEG_PsychoPy_experiment/stimuli/faces/GenAI_faces/self.png,/Users/omertzuk/code/EEG/vMMR_EEG_PsychoPy_experiment/stimuli/faces/GenAI_faces/morph50.png,/Users/omertzuk/code/EEG/vMMR_EEG_PsychoPy_experiment/stimuli/faces/GenAI_faces/self_target.png,/Users/omertzuk/code/EEG/vMMR_EEG_PsychoPy_experiment/stimuli/faces/GenAI_faces/morph50_target.png
1,82,NO,NEGATIVE,OTHER,גַנָב,6,0,-1,/Users/omertzuk/code/EEG/vMMR_EEG_PsychoPy_experiment/stimuli/faces/GenAI_faces/other.png,/Users/omertzuk/code/EEG/vMMR_EEG_PsychoPy_experiment/stimuli/faces/GenAI_faces/morph50.png,/Users/omertzuk/code/EEG/vMMR_EEG_PsychoPy_experiment/stimuli/faces/GenAI_faces/other_target.png,/Users/omertzuk/code/EEG/vMMR_EEG_PsychoPy_experiment/stimuli/faces/GenAI_faces/morph50_target.png
1,83,DO,DEATH,OTHER,הִתְאַבְּדוּת,4,0,-1,/Users/omertzuk/code/EEG/vMMR_EEG_PsychoPy_experiment/stimuli/faces/GenAI_faces/other.png,/Users/omertzuk/code/EEG/vMMR_EEG_PsychoPy_experiment/stimuli/faces/GenAI_faces/morph50.png,/Users/omertzuk/code/EEG/vMMR_EEG_PsychoPy_experiment/stimuli/faces/GenAI_faces/other_target.png,/Users/omertzuk/code/EEG/vMMR_EEG_PsychoPy_experiment/stimuli/faces/GenAI_faces/morph50_target.png
1,84,NS,NEGATIVE,SELF,גֶּזֶל,4,0,-1,/Users/omertzuk/code/EEG/vMMR_EEG_PsychoPy_experiment/stimuli/faces/GenAI_faces/self.png,/Users/omertzuk/code/EEG/vMMR_EEG_PsychoPy_experiment/stimuli/faces/GenAI_faces/morph50.png,/Users/omertzuk/code/EEG/vMMR_EEG_PsychoPy_experiment/stimuli/faces/GenAI_faces/self_target.png,/Users/omertzuk/code/EEG/vMMR_EEG_PsychoPy_experiment/stimuli/faces/GenAI_faces/morph50_target.png
1,85,NO,NEGATIVE,OTHER,רְעָלָה,3,0,-1,/Users/omertzuk/code/EEG/vMMR_EEG_PsychoPy_experiment/stimuli/faces/GenAI_faces/other.png,/Users/omertzuk/code/EEG/vMMR_EEG_PsychoPy_experiment/stimuli/faces/GenAI_faces/morph50.png,/Users/omertzuk/code/EEG/vMMR_EEG_PsychoPy_experiment/stimuli/faces/GenAI_faces/other_target.png,/Users/omertzuk/code/EEG/vMMR_EEG_PsychoPy_experiment/stimuli/faces/GenAI_faces/morph50_target.png
1,86,DO,DEATH,OTHER,טְבִיעָה,6,0,-1,/Users/omertzuk/code/EEG/vMMR_EEG_PsychoPy_experiment/stimuli/faces/GenAI_faces/other.png,/Users/omertzuk/code/EEG/vMMR_EEG_PsychoPy_experiment/stimuli/faces/GenAI_faces/morph50.png,/Users/omertzuk/code/EEG/vMMR_EEG_PsychoPy_experiment/stimuli/faces/GenAI_faces/other_target.png,/Users/omertzuk/code/EEG/vMMR_EEG_PsychoPy_experiment/stimuli/faces/GenAI_faces/morph50_target.png
1,87,DS,DEATH,SELF,פּוֹגְרוֹם,5,0,-1,/Users/omertzuk/code/EEG/vMMR_EEG_PsychoPy_experiment/stimuli/faces/GenAI_faces/self.png,/Users/omertzuk/code/EEG/vMMR_EEG_PsychoPy_experiment/stimuli/faces/GenAI_faces/morph50.png,/Users/omertzuk/code/EEG/vMMR_EEG_PsychoPy_experiment/stimuli/faces/GenAI_faces/self_target.png,/Users/omertzuk/code/EEG/vMMR_EEG_PsychoPy_experiment/stimuli/faces/GenAI_faces/morph50_target.png
1,88,NO,NEGATIVE,OTHER,מֵדוּזָה,3,0,-1,/Users/omertzuk/code/EEG/vMMR_EEG_PsychoPy_experiment/stimuli/faces/GenAI_faces/other.png,/Users/omertzuk/code/EEG/vMMR_EEG_PsychoPy_experiment/stimuli/faces/GenAI_faces/morph50.png,/Users/omertzuk/code/EEG/vMMR_EEG_PsychoPy_experiment/stimuli/faces/GenAI_faces/other_target.png,/Users/omertzuk/code/EEG/vMMR_EEG_PsychoPy_experiment/stimuli/faces/GenAI_faces/morph50_target.png
1,89,NO,NEGATIVE,OTHER,נִיפּוּץ,3,0,-1,/Users/omertzuk/code/EEG/vMMR_EEG_PsychoPy_experiment/stimuli/faces/GenAI_faces/other.png,/Users/omertzuk/code/EEG/vMMR_EEG_PsychoPy_experiment/stimuli/faces/GenAI_faces/morph50.png,/Users/omertzuk/code/EEG/vMMR_EEG_PsychoPy_experiment/stimuli/faces/GenAI_faces/other_target.png,/Users/omertzuk/code/EEG/vMMR_EEG_PsychoPy_experiment/stimuli/faces/GenAI_faces/morph50_target.png
1,90,DS,DEATH,SELF,כִימוֹתֶרַפְּיָה,5,0,-1,/Users/omertzuk/code/EEG/vMMR_EEG_PsychoPy_experiment/stimuli/faces/GenAI_faces/self.png,/Users/omertzuk/code/EEG/vMMR_EEG_PsychoPy_experiment/stimuli/faces/GenAI_faces/morph50.png,/Users/omertzuk/code/EEG/vMMR_EEG_PsychoPy_experiment/stimuli/faces/GenAI_faces/self_target.png,/Users/omertzuk/code/EEG/vMMR_EEG_PsychoPy_experiment/stimuli/faces/GenAI_faces/morph50_target.png
1,91,NO,NEGATIVE,OTHER,שֶׁקֶר,5,0,-1,/Users/omertzuk/code/EEG/vMMR_EEG_PsychoPy_experiment/stimuli/faces/GenAI_faces/other.png,/Users/omertzuk/code/EEG/vMMR_EEG_PsychoPy_experiment/stimuli/faces/GenAI_faces/morph50.png,/Users/omertzuk/code/EEG/vMMR_EEG_PsychoPy_experiment/stimuli/faces/GenAI_faces/other_target.png,/Users/omertzuk/code/EEG/vMMR_EEG_PsychoPy_experiment/stimuli/faces/GenAI_faces/morph50_target.png
1,92,DS,DEATH,SELF,קֶבֶר,3,0,-1,/Users/omertzuk/code/EEG/vMMR_EEG_PsychoPy_experiment/stimuli/faces/GenAI_faces/self.png,/Users/omertzuk/code/EEG/vMMR_EEG_PsychoPy_experiment/stimuli/faces/GenAI_faces/morph50.png,/Users/omertzuk/code/EEG/vMMR_EEG_PsychoPy_experiment/stimuli/faces/GenAI_faces/self_target.png,/Users/omertzuk/code/EEG/vMMR_EEG_PsychoPy_experiment/stimuli/faces/GenAI_faces/morph50_target.png
1,93,DO,DEATH,OTHER,מָוֶת,5,0,-1,/Users/omertzuk/code/EEG/vMMR_EEG_PsychoPy_experiment/stimuli/faces/GenAI_faces/other.png,/Users/omertzuk/code/EEG/vMMR_EEG_PsychoPy_experiment/stimuli/faces/GenAI_faces/morph50.png,/Users/omertzuk/code/EEG/vMMR_EEG_PsychoPy_experiment/stimuli/faces/GenAI_faces/other_target.png,/Users/omertzuk/code/EEG/vMMR_EEG_PsychoPy_experiment/stimuli/faces/GenAI_faces/morph50_target.png
1,94,DS,DEATH,SELF,אֵפֶר,3,0,-1,/Users/omertzuk/code/EEG/vMMR_EEG_PsychoPy_experiment/stimuli/faces/GenAI_faces/self.png,/Users/omertzuk/code/EEG/vMMR_EEG_PsychoPy_experiment/stimuli/faces/GenAI_faces/morph50.png,/Users/omertzuk/code/EEG/vMMR_EEG_PsychoPy_experiment/stimuli/faces/GenAI_faces/self_target.png,/Users/omertzuk/code/EEG/vMMR_EEG_PsychoPy_experiment/stimuli/faces/GenAI_faces/morph50_target.png
1,95,DS,DEATH,SELF,מַצֵבָה,5,0,-1,/Users/omertzuk/code/EEG/vMMR_EEG_PsychoPy_experiment/stimuli/faces/GenAI_faces/self.png,/Users/omertzuk/code/EEG/vMMR_EEG_PsychoPy_experiment/stimuli/faces/GenAI_faces/morph50.png,/Users/omertzuk/code/EEG/vMMR_EEG_PsychoPy_experiment/stimuli/faces/GenAI_faces/self_target.png,/Users/omertzuk/code/EEG/vMMR_EEG_PsychoPy_experiment/stimuli/faces/GenAI_faces/morph50_target.png
1,96,DS,DEATH,SELF,מוּמְיָה,3,0,-1,/Users/omertzuk/code/EEG/vMMR_EEG_PsychoPy_experiment/stimuli/faces/GenAI_faces/self.png,/Users/omertzuk/code/EEG/vMMR_EEG_PsychoPy_experiment/stimuli/faces/GenAI_faces/morph50.png,/Users/omertzuk/code/EEG/vMMR_EEG_PsychoPy_experiment/stimuli/faces/GenAI_faces/self_target.png,/Users/omertzuk/code/EEG/vMMR_EEG_PsychoPy_experiment/stimuli/faces/GenAI_faces/morph50_target.png
1,97,DS,DEATH,SELF,תְמוּתָה,4,0,-1,/Users/omertzuk/code/EEG/vMMR_EEG_PsychoPy_experiment/stimuli/faces/GenAI_faces/self.png,/Users/omertzuk/code/EEG/vMMR_EEG_PsychoPy_experiment/stimuli/faces/GenAI_faces/morph50.png,/Users/omertzuk/code/EEG/vMMR_EEG_PsychoPy_experiment/stimuli/faces/GenAI_faces/self_target.png,/Users/omertzuk/code/EEG/vMMR_EEG_PsychoPy_experiment/stimuli/faces/GenAI_faces/morph50_target.png
1,98,DO,DEATH,OTHER,טֶבַח,6,0,-1,/Users/omertzuk/code/EEG/vMMR_EEG_PsychoPy_experiment/stimuli/faces/GenAI_faces/other.png,/Users/omertzuk/code/EEG/vMMR_EEG_PsychoPy_experiment/stimuli/faces/GenAI_faces/morph50.png,/Users/omertzuk/code/EEG/vMMR_EEG_PsychoPy_experiment/stimuli/faces/GenAI_faces/other_target.png,/Users/omertzuk/code/EEG/vMMR_EEG_PsychoPy_experiment/stimuli/faces/GenAI_faces/morph50_target.png
1,99,NO,NEGATIVE,OTHER,עָרִיצוּת,6,0,-1,/Users/omertzuk/code/EEG/vMMR_EEG_PsychoPy_experiment/stimuli/faces/GenAI_faces/other.png,/Users/omertzuk/code/EEG/vMMR_EEG_PsychoPy_experiment/stimuli/faces/GenAI_faces/morph50.png,/Users/omertzuk/code/EEG/vMMR_EEG_PsychoPy_experiment/stimuli/faces/GenAI_faces/other_target.png,/Users/omertzuk/code/EEG/vMMR_EEG_PsychoPy_experiment/stimuli/faces/GenAI_faces/morph50_target.png
1,100,NO,NEGATIVE,OTHER,הַטְרָדָה,4,0,-1,/Users/omertzuk/code/EEG/vMMR_EEG_PsychoPy_experiment/stimuli/faces/GenAI_faces/other.png,/Users/omertzuk/code/EEG/vMMR_EEG_PsychoPy_experiment/stimuli/faces/GenAI_faces/morph50.png,/Users/omertzuk/code/EEG/vMMR_EEG_PsychoPy_experiment/stimuli/faces/GenAI_faces/other_target.png,/Users/omertzuk/code/EEG/vMMR_EEG_PsychoPy_experiment/stimuli/faces/GenAI_faces/morph50_target.png
1,101,NS,NEGATIVE,SELF,סְכִיזוֹפְרֶנְיָה,5,0,-1,/Users/omertzuk/code/EEG/vMMR_EEG_PsychoPy_experiment/stimuli/faces/GenAI_faces/self.png,/Users/omertzuk/code/EEG/vMMR_EEG_PsychoPy_experiment/stimuli/faces/GenAI_faces/morph50.png,/Users/omertzuk/code/EEG/vMMR_EEG_PsychoPy_experiment/stimuli/faces/GenAI_faces/self_target.png,/Users/omertzuk/code/EEG/vMMR_EEG_PsychoPy_experiment/stimuli/faces/GenAI_faces/morph50_target.png
1,102,NS,NEGATIVE,SELF,עֲלוּקָה,5,0,-1,/Users/omertzuk/code/EEG/vMMR_EEG_PsychoPy_experiment/stimuli/faces/GenAI_faces/self.png,/Users/omertzuk/code/EEG/vMMR_EEG_PsychoPy_experiment/stimuli/faces/GenAI_faces/morph50.png,/Users/omertzuk/code/EEG/vMMR_EEG_PsychoPy_experiment/stimuli/faces/GenAI_faces/self_target.png,/Users/omertzuk/code/EEG/vMMR_EEG_PsychoPy_experiment/stimuli/faces/GenAI_faces/morph50_target.png
1,103,NO,NEGATIVE,OTHER,כָּאפִיָה,6,1,4,/Users/omertzuk/code/EEG/vMMR_EEG_PsychoPy_experiment/stimuli/faces/GenAI_faces/other.png,/Users/omertzuk/code/EEG/vMMR_EEG_PsychoPy_experiment/stimuli/faces/GenAI_faces/morph50.png,/Users/omertzuk/code/EEG/vMMR_EEG_PsychoPy_experiment/stimuli/faces/GenAI_faces/other_target.png,/Users/omertzuk/code/EEG/vMMR_EEG_PsychoPy_experiment/stimuli/faces/GenAI_faces/morph50_target.png
1,104,NS,NEGATIVE,SELF,שׁוֹחַד,4,0,-1,/Users/omertzuk/code/EEG/vMMR_EEG_PsychoPy_experiment/stimuli/faces/GenAI_faces/self.png,/Users/omertzuk/code/EEG/vMMR_EEG_PsychoPy_experiment/stimuli/faces/GenAI_faces/morph50.png,/Users/omertzuk/code/EEG/vMMR_EEG_PsychoPy_experiment/stimuli/faces/GenAI_faces/self_target.png,/Users/omertzuk/code/EEG/vMMR_EEG_PsychoPy_experiment/stimuli/faces/GenAI_faces/morph50_target.png
1,105,DO,DEATH,OTHER,רַעַל,3,1,4,/Users/omertzuk/code/EEG/vMMR_EEG_PsychoPy_experiment/stimuli/faces/GenAI_faces/other.png,/Users/omertzuk/code/EEG/vMMR_EEG_PsychoPy_experiment/stimuli/faces/GenAI_faces/morph50.png,/Users/omertzuk/code/EEG/vMMR_EEG_PsychoPy_experiment/stimuli/faces/GenAI_faces/other_target.png,/Users/omertzuk/code/EEG/vMMR_EEG_PsychoPy_experiment/stimuli/faces/GenAI_faces/morph50_target.png
1,106,NS,NEGATIVE,SELF,גִילוּי עֲרָיוֹת,6,0,-1,/Users/omertzuk/code/EEG/vMMR_EEG_PsychoPy_experiment/stimuli/faces/GenAI_faces/self.png,/Users/omertzuk/code/EEG/vMMR_EEG_PsychoPy_experiment/stimuli/faces/GenAI_faces/morph50.png,/Users/omertzuk/code/EEG/vMMR_EEG_PsychoPy_experiment/stimuli/faces/GenAI_faces/self_target.png,/Users/omertzuk/code/EEG/vMMR_EEG_PsychoPy_experiment/stimuli/faces/GenAI_faces/morph50_target.png
1,107,DS,DEATH,SELF,סַרְטָן,3,0,-1,/Users/omertzuk/code/EEG/vMMR_EEG_PsychoPy_experiment/stimuli/faces/GenAI_faces/self.png,/Users/omertzuk/code/EEG/vMMR_EEG_PsychoPy_experiment/stimuli/faces/GenAI_faces/morph50.png,/Users/omertzuk/code/EEG/vMMR_EEG_PsychoPy_experiment/stimuli/faces/GenAI_faces/self_target.png,/Users/omertzuk/code/EEG/vMMR_EEG_PsychoPy_experiment/stimuli/faces/GenAI_faces/morph50_target.png
1,108,NS,NEGATIVE,SELF,זִלְזוּל,6,0,-1,/Users/omertzuk/code/EEG/vMMR_EEG_PsychoPy_experiment/stimuli/faces/GenAI_faces/self.png,/Users/omertzuk/code/EEG/vMMR_EEG_PsychoPy_experiment/stimuli/faces/GenAI_faces/morph50.png,/Users/omertzuk/code/EEG/vMMR_EEG_PsychoPy_experiment/stimuli/faces/GenAI_faces/self_target.png,/Users/omertzuk/code/EEG/vMMR_EEG_PsychoPy_experiment/stimuli/faces/GenAI_faces/morph50_target.png
1,109,NS,NEGATIVE,SELF,רֶפֶשׁ,4,0,-1,/Users/omertzuk/code/EEG/vMMR_EEG_PsychoPy_experiment/stimuli/faces/GenAI_faces/self.png,/Users/omertzuk/code/EEG/vMMR_EEG_PsychoPy_experiment/stimuli/faces/GenAI_faces/morph50.png,/Users/omertzuk/code/EEG/vMMR_EEG_PsychoPy_experiment/stimuli/faces/GenAI_faces/self_target.png,/Users/omertzuk/code/EEG/vMMR_EEG_PsychoPy_experiment/stimuli/faces/GenAI_faces/morph50_target.png
1,110,NS,NEGATIVE,SELF,בִּיזוּי,6,0,-1,/Users/omertzuk/code/EEG/vMMR_EEG_PsychoPy_experiment/stimuli/faces/GenAI_faces/self.png,/Users/omertzuk/code/EEG/vMMR_EEG_PsychoPy_experiment/stimuli/faces/GenAI_faces/morph50.png,/Users/omertzuk/code/EEG/vMMR_EEG_PsychoPy_experiment/stimuli/faces/GenAI_faces/self_target.png,/Users/omertzuk/code/EEG/vMMR_EEG_PsychoPy_experiment/stimuli/faces/GenAI_faces/morph50_target.png
1,111,DO,DEATH,OTHER,גְּוִיָה,3,1,2,/Users/omertzuk/code/EEG/vMMR_EEG_PsychoPy_experiment/stimuli/faces/GenAI_faces/other.png,/Users/omertzuk/code/EEG/vMMR_EEG_PsychoPy_experiment/stimuli/faces/GenAI_faces/morph50.png,/Users/omertzuk/code/EEG/vMMR_EEG_PsychoPy_experiment/stimuli/faces/GenAI_faces/other_target.png,/Users/omertzuk/code/EEG/vMMR_EEG_PsychoPy_experiment/stimuli/faces/GenAI_faces/morph50_target.png
1,112,DS,DEATH,SELF,יָגוֹן,4,0,-1,/Users/omertzuk/code/EEG/vMMR_EEG_PsychoPy_experiment/stimuli/faces/GenAI_faces/self.png,/Users/omertzuk/code/EEG/vMMR_EEG_PsychoPy_experiment/stimuli/faces/GenAI_faces/morph50.png,/Users/omertzuk/code/EEG/vMMR_EEG_PsychoPy_experiment/stimuli/faces/GenAI_faces/self_target.png,/Users/omertzuk/code/EEG/vMMR_EEG_PsychoPy_experiment/stimuli/faces/GenAI_faces/morph50_target.png
1,113,NO,NEGATIVE,OTHER,מוּגְלָה,5,0,-1,/Users/omertzuk/code/EEG/vMMR_EEG_PsychoPy_experiment/stimuli/faces/GenAI_faces/other.png,/Users/omertzuk/code/EEG/vMMR_EEG_PsychoPy_experiment/stimuli/faces/GenAI_faces/morph50.png,/Users/omertzuk/code/EEG/vMMR_EEG_PsychoPy_experiment/stimuli/faces/GenAI_faces/other_target.png,/Users/omertzuk/code/EEG/vMMR_EEG_PsychoPy_experiment/stimuli/faces/GenAI_faces/morph50_target.png
1,114,NO,NEGATIVE,OTHER,הַכָּאָה,5,1,4,/Users/omertzuk/code/EEG/vMMR_EEG_PsychoPy_experiment/stimuli/faces/GenAI_faces/other.png,/Users/omertzuk/code/EEG/vMMR_EEG_PsychoPy_experiment/stimuli/faces/GenAI_faces/morph50.png,/Users/omertzuk/code/EEG/vMMR_EEG_PsychoPy_experiment/stimuli/faces/GenAI_faces/other_target.png,/Users/omertzuk/code/EEG/vMMR_EEG_PsychoPy_experiment/stimuli/faces/GenAI_faces/morph50_target.png
1,115,NS,NEGATIVE,SELF,נְשִׁיכָה,3,1,1,/Users/omertzuk/code/EEG/vMMR_EEG_PsychoPy_experiment/stimuli/faces/GenAI_faces/self.png,/Users/omertzuk/code/EEG/vMMR_EEG_PsychoPy_experiment/stimuli/faces/GenAI_faces/morph50.png,/Users/omertzuk/code/EEG/vMMR_EEG_PsychoPy_experiment/stimuli/faces/GenAI_faces/self_target.png,/Users/omertzuk/code/EEG/vMMR_EEG_PsychoPy_experiment/stimuli/faces/GenAI_faces/morph50_target.png
1,116,DO,DEATH,OTHER,שְׁכוֹל,6,0,-1,/Users/omertzuk/code/EEG/vMMR_EEG_PsychoPy_experiment/stimuli/faces/GenAI_faces/other.png,/Users/omertzuk/code/EEG/vMMR_EEG_PsychoPy_experiment/stimuli/faces/GenAI_faces/morph50.png,/Users/omertzuk/code/EEG/vMMR_EEG_PsychoPy_experiment/stimuli/faces/GenAI_faces/other_target.png,/Users/omertzuk/code/EEG/vMMR_EEG_PsychoPy_experiment/stimuli/faces/GenAI_faces/morph50_target.png
1,117,DO,DEATH,OTHER,גוּלְגוֹלֶת,5,1,1,/Users/omertzuk/code/EEG/vMMR_EEG_PsychoPy_experiment/stimuli/faces/GenAI_faces/other.png,/Users/omertzuk/code/EEG/vMMR_EEG_PsychoPy_experiment/stimuli/faces/GenAI_faces/morph50.png,/Users/omertzuk/code/EEG/vMMR_EEG_PsychoPy_experiment/stimuli/faces/GenAI_faces/other_target.png,/Users/omertzuk/code/EEG/vMMR_EEG_PsychoPy_experiment/stimuli/faces/GenAI_faces/morph50_target.png
1,118,DS,DEATH,SELF,אֵבֶל,5,0,-1,/Users/omertzuk/code/EEG/vMMR_EEG_PsychoPy_experiment/stimuli/faces/GenAI_faces/self.png,/Users/omertzuk/code/EEG/vMMR_EEG_PsychoPy_experiment/stimuli/faces/GenAI_faces/morph50.png,/Users/omertzuk/code/EEG/vMMR_EEG_PsychoPy_experiment/stimuli/faces/GenAI_faces/self_target.png,/Users/omertzuk/code/EEG/vMMR_EEG_PsychoPy_experiment/stimuli/faces/GenAI_faces/morph50_target.png
1,119,NO,NEGATIVE,OTHER,זוֹנָה,4,0,-1,/Users/omertzuk/code/EEG/vMMR_EEG_PsychoPy_experiment/stimuli/faces/GenAI_faces/other.png,/Users/omertzuk/code/EEG/vMMR_EEG_PsychoPy_experiment/stimuli/faces/GenAI_faces/morph50.png,/Users/omertzuk/code/EEG/vMMR_EEG_PsychoPy_experiment/stimuli/faces/GenAI_faces/other_target.png,/Users/omertzuk/code/EEG/vMMR_EEG_PsychoPy_experiment/stimuli/faces/GenAI_faces/morph50_target.png
1,120,NS,NEGATIVE,SELF,בְּחִילָה,5,1,4,/Users/omertzuk/code/EEG/vMMR_EEG_PsychoPy_experiment/stimuli/faces/GenAI_faces/self.png,/Users/omertzuk/code/EEG/vMMR_EEG_PsychoPy_experiment/stimuli/faces/GenAI_faces/morph50.png,/Users/omertzuk/code/EEG/vMMR_EEG_PsychoPy_experiment/stimuli/faces/GenAI_faces/self_target.png,/Users/omertzuk/code/EEG/vMMR_EEG_PsychoPy_experiment/stimuli/faces/GenAI_faces/morph50_target.png
2,1,DS,DEATH,SELF,מַגֵיפָה,3,0,-1,/Users/omertzuk/code/EEG/vMMR_EEG_PsychoPy_experiment/stimuli/faces/GenAI_faces/self.png,/Users/omertzuk/code/EEG/vMMR_EEG_PsychoPy_experiment/stimuli/faces/GenAI_faces/morph50.png,/Users/omertzuk/code/EEG/vMMR_EEG_PsychoPy_experiment/stimuli/faces/GenAI_faces/self_target.png,/Users/omertzuk/code/EEG/vMMR_EEG_PsychoPy_experiment/stimuli/faces/GenAI_faces/morph50_target.png
2,2,DO,DEATH,OTHER,זִיקְנָה,4,0,-1,/Users/omertzuk/code/EEG/vMMR_EEG_PsychoPy_experiment/stimuli/faces/GenAI_faces/other.png,/Users/omertzuk/code/EEG/vMMR_EEG_PsychoPy_experiment/stimuli/faces/GenAI_faces/morph50.png,/Users/omertzuk/code/EEG/vMMR_EEG_PsychoPy_experiment/stimuli/faces/GenAI_faces/other_target.png,/Users/omertzuk/code/EEG/vMMR_EEG_PsychoPy_experiment/stimuli/faces/GenAI_faces/morph50_target.png
2,3,DO,DEATH,OTHER,אַזְכָּרָה,4,0,-1,/Users/omertzuk/code/EEG/vMMR_EEG_PsychoPy_experiment/stimuli/faces/GenAI_faces/other.png,/Users/omertzuk/code/EEG/vMMR_EEG_PsychoPy_experiment/stimuli/faces/GenAI_faces/morph50.png,/Users/omertzuk/code/EEG/vMMR_EEG_PsychoPy_experiment/stimuli/faces/GenAI_faces/other_target.png,/Users/omertzuk/code/EEG/vMMR_EEG_PsychoPy_experiment/stimuli/faces/GenAI_faces/morph50_target.png
2,4,DS,DEATH,SELF,גֵיהִנוֹם,4,1,1,/Users/omertzuk/code/EEG/vMMR_EEG_PsychoPy_experiment/stimuli/faces/GenAI_faces/self.png,/Users/omertzuk/code/EEG/vMMR_EEG_PsychoPy_experiment/stimuli/faces/GenAI_faces/morph50.png,/Users/omertzuk/code/EEG/vMMR_EEG_PsychoPy_experiment/stimuli/faces/GenAI_faces/self_target.png,/Users/omertzuk/code/EEG/vMMR_EEG_PsychoPy_experiment/stimuli/faces/GenAI_faces/morph50_target.png
2,5,NS,NEGATIVE,SELF,הַשְׁפָּלָה,5,0,-1,/Users/omertzuk/code/EEG/vMMR_EEG_PsychoPy_experiment/stimuli/faces/GenAI_faces/self.png,/Users/omertzuk/code/EEG/vMMR_EEG_PsychoPy_experiment/stimuli/faces/GenAI_faces/morph50.png,/Users/omertzuk/code/EEG/vMMR_EEG_PsychoPy_experiment/stimuli/faces/GenAI_faces/self_target.png,/Users/omertzuk/code/EEG/vMMR_EEG_PsychoPy_experiment/stimuli/faces/GenAI_faces/morph50_target.png
2,6,NS,NEGATIVE,SELF,שׁוֹט,5,0,-1,/Users/omertzuk/code/EEG/vMMR_EEG_PsychoPy_experiment/stimuli/faces/GenAI_faces/self.png,/Users/omertzuk/code/EEG/vMMR_EEG_PsychoPy_experiment/stimuli/faces/GenAI_faces/morph50.png,/Users/omertzuk/code/EEG/vMMR_EEG_PsychoPy_experiment/stimuli/faces/GenAI_faces/self_target.png,/Users/omertzuk/code/EEG/vMMR_EEG_PsychoPy_experiment/stimuli/faces/GenAI_faces/morph50_target.png
2,7,DO,DEATH,OTHER,אוֹבְדָן,5,0,-1,/Users/omertzuk/code/EEG/vMMR_EEG_PsychoPy_experiment/stimuli/faces/GenAI_faces/other.png,/Users/omertzuk/code/EEG/vMMR_EEG_PsychoPy_experiment/stimuli/faces/GenAI_faces/morph50.png,/Users/omertzuk/code/EEG/vMMR_EEG_PsychoPy_experiment/stimuli/faces/GenAI_faces/other_target.png,/Users/omertzuk/code/EEG/vMMR_EEG_PsychoPy_experiment/stimuli/faces/GenAI_faces/morph50_target.png
2,8,NS,NEGATIVE,SELF,רַעַשׁ,4,0,-1,/Users/omertzuk/code/EEG/vMMR_EEG_PsychoPy_experiment/stimuli/faces/GenAI_faces/self.png,/Users/omertzuk/code/EEG/vMMR_EEG_PsychoPy_experiment/stimuli/faces/GenAI_faces/morph50.png,/Users/omertzuk/code/EEG/vMMR_EEG_PsychoPy_experiment/stimuli/faces/GenAI_faces/self_target.png,/Users/omertzuk/code/EEG/vMMR_EEG_PsychoPy_experiment/stimuli/faces/GenAI_faces/morph50_target.png
2,9,DO,DEATH,OTHER,דְּוַי,6,1,4,/Users/omertzuk/code/EEG/vMMR_EEG_PsychoPy_experiment/stimuli/faces/GenAI_faces/other.png,/Users/omertzuk/code/EEG/vMMR_EEG_PsychoPy_experiment/stimuli/faces/GenAI_faces/morph50.png,/Users/omertzuk/code/EEG/vMMR_EEG_PsychoPy_experiment/stimuli/faces/GenAI_faces/other_target.png,/Users/omertzuk/code/EEG/vMMR_EEG_PsychoPy_experiment/stimuli/faces/GenAI_faces/morph50_target.png
2,10,NS,NEGATIVE,SELF,תִּיעוּב,3,0,-1,/Users/omertzuk/code/EEG/vMMR_EEG_PsychoPy_experiment/stimuli/faces/GenAI_faces/self.png,/Users/omertzuk/code/EEG/vMMR_EEG_PsychoPy_experiment/stimuli/faces/GenAI_faces/morph50.png,/Users/omertzuk/code/EEG/vMMR_EEG_PsychoPy_experiment/stimuli/faces/GenAI_faces/self_target.png,/Users/omertzuk/code/EEG/vMMR_EEG_PsychoPy_experiment/stimuli/faces/GenAI_faces/morph50_target.png
2,11,NS,NEGATIVE,SELF,מִיאוּס,6,0,-1,/Users/omertzuk/code/EEG/vMMR_EEG_PsychoPy_experiment/stimuli/faces/GenAI_faces/self.png,/Users/omertzuk/code/EEG/vMMR_EEG_PsychoPy_experiment/stimuli/faces/GenAI_faces/morph50.png,/Users/omertzuk/code/EEG/vMMR_EEG_PsychoPy_experiment/stimuli/faces/GenAI_faces/self_target.png,/Users/omertzuk/code/EEG/vMMR_EEG_PsychoPy_experiment/stimuli/faces/GenAI_faces/morph50_target.png
2,12,NO,NEGATIVE,OTHER,מַקָק,3,0,-1,/Users/omertzuk/code/EEG/vMMR_EEG_PsychoPy_experiment/stimuli/faces/GenAI_faces/other.png,/Users/omertzuk/code/EEG/vMMR_EEG_PsychoPy_experiment/stimuli/faces/GenAI_faces/morph50.png,/Users/omertzuk/code/EEG/vMMR_EEG_PsychoPy_experiment/stimuli/faces/GenAI_faces/other_target.png,/Users/omertzuk/code/EEG/vMMR_EEG_PsychoPy_experiment/stimuli/faces/GenAI_faces/morph50_target.png
2,13,NS,NEGATIVE,SELF,צְבִיעוּת,5,1,1,/Users/omertzuk/code/EEG/vMMR_EEG_PsychoPy_experiment/stimuli/faces/GenAI_faces/self.png,/Users/omertzuk/code/EEG/vMMR_EEG_PsychoPy_experiment/stimuli/faces/GenAI_faces/morph50.png,/Users/omertzuk/code/EEG/vMMR_EEG_PsychoPy_experiment/stimuli/faces/GenAI_faces/self_target.png,/Users/omertzuk/code/EEG/vMMR_EEG_PsychoPy_experiment/stimuli/faces/GenAI_faces/morph50_target.png
2,14,DO,DEATH,OTHER,נְשָׁמָה,5,0,-1,/Users/omertzuk/code/EEG/vMMR_EEG_PsychoPy_experiment/stimuli/faces/GenAI_faces/other.png,/Users/omertzuk/code/EEG/vMMR_EEG_PsychoPy_experiment/stimuli/faces/GenAI_faces/morph50.png,/Users/omertzuk/code/EEG/vMMR_EEG_PsychoPy_experiment/stimuli/faces/GenAI_faces/other_target.png,/Users/omertzuk/code/EEG/vMMR_EEG_PsychoPy_experiment/stimuli/faces/GenAI_faces/morph50_target.png
2,15,NO,NEGATIVE,OTHER,אֲסִיר,4,0,-1,/Users/omertzuk/code/EEG/vMMR_EEG_PsychoPy_experiment/stimuli/faces/GenAI_faces/other.png,/Users/omertzuk/code/EEG/vMMR_EEG_PsychoPy_experiment/stimuli/faces/GenAI_faces/morph50.png,/Users/omertzuk/code/EEG/vMMR_EEG_PsychoPy_experiment/stimuli/faces/GenAI_faces/other_target.png,/Users/omertzuk/code/EEG/vMMR_EEG_PsychoPy_experiment/stimuli/faces/GenAI_faces/morph50_target.png
2,16,NO,NEGATIVE,OTHER,גְנֵיבָה,5,0,-1,/Users/omertzuk/code/EEG/vMMR_EEG_PsychoPy_experiment/stimuli/faces/GenAI_faces/other.png,/Users/omertzuk/code/EEG/vMMR_EEG_PsychoPy_experiment/stimuli/faces/GenAI_faces/morph50.png,/Users/omertzuk/code/EEG/vMMR_EEG_PsychoPy_experiment/stimuli/faces/GenAI_faces/other_target.png,/Users/omertzuk/code/EEG/vMMR_EEG_PsychoPy_experiment/stimuli/faces/GenAI_faces/morph50_target.png
2,17,NS,NEGATIVE,SELF,זֵיעָה,3,0,-1,/Users/omertzuk/code/EEG/vMMR_EEG_PsychoPy_experiment/stimuli/faces/GenAI_faces/self.png,/Users/omertzuk/code/EEG/vMMR_EEG_PsychoPy_experiment/stimuli/faces/GenAI_faces/morph50.png,/Users/omertzuk/code/EEG/vMMR_EEG_PsychoPy_experiment/stimuli/faces/GenAI_faces/self_target.png,/Users/omertzuk/code/EEG/vMMR_EEG_PsychoPy_experiment/stimuli/faces/GenAI_faces/morph50_target.png
2,18,NS,NEGATIVE,SELF,שִׁפְחָה,5,0,-1,/Users/omertzuk/code/EEG/vMMR_EEG_PsychoPy_experiment/stimuli/faces/GenAI_faces/self.png,/Users/omertzuk/code/EEG/vMMR_EEG_PsychoPy_experiment/stimuli/faces/GenAI_faces/morph50.png,/Users/omertzuk/code/EEG/vMMR_EEG_PsychoPy_experiment/stimuli/faces/GenAI_faces/self_target.png,/Users/omertzuk/code/EEG/vMMR_EEG_PsychoPy_experiment/stimuli/faces/GenAI_faces/morph50_target.png
2,19,DS,DEATH,SELF,חֲנִיטָה,5,0,-1,/Users/omertzuk/code/EEG/vMMR_EEG_PsychoPy_experiment/stimuli/faces/GenAI_faces/self.png,/Users/omertzuk/code/EEG/vMMR_EEG_PsychoPy_experiment/stimuli/faces/GenAI_faces/morph50.png,/Users/omertzuk/code/EEG/vMMR_EEG_PsychoPy_experiment/stimuli/faces/GenAI_faces/self_target.png,/Users/omertzuk/code/EEG/vMMR_EEG_PsychoPy_experiment/stimuli/faces/GenAI_faces/morph50_target.png
2,20,NO,NEGATIVE,OTHER,חֶלְאָה,6,0,-1,/Users/omertzuk/code/EEG/vMMR_EEG_PsychoPy_experiment/stimuli/faces/GenAI_faces/other.png,/Users/omertzuk/code/EEG/vMMR_EEG_PsychoPy_experiment/stimuli/faces/GenAI_faces/morph50.png,/Users/omertzuk/code/EEG/vMMR_EEG_PsychoPy_experiment/stimuli/faces/GenAI_faces/other_target.png,/Users/omertzuk/code/EEG/vMMR_EEG_PsychoPy_experiment/stimuli/faces/GenAI_faces/morph50_target.png
2,21,NS,NEGATIVE,SELF,אֲסִיר,4,0,-1,/Users/omertzuk/code/EEG/vMMR_EEG_PsychoPy_experiment/stimuli/faces/GenAI_faces/self.png,/Users/omertzuk/code/EEG/vMMR_EEG_PsychoPy_experiment/stimuli/faces/GenAI_faces/morph50.png,/Users/omertzuk/code/EEG/vMMR_EEG_PsychoPy_experiment/stimuli/faces/GenAI_faces/self_target.png,/Users/omertzuk/code/EEG/vMMR_EEG_PsychoPy_experiment/stimuli/faces/GenAI_faces/morph50_target.png
2,22,DO,DEATH,OTHER,הָרוּג,3,0,-1,/Users/omertzuk/code/EEG/vMMR_EEG_PsychoPy_experiment/stimuli/faces/GenAI_faces/other.png,/Users/omertzuk/code/EEG/vMMR_EEG_PsychoPy_experiment/stimuli/faces/GenAI_faces/morph50.png,/Users/omertzuk/code/EEG/vMMR_EEG_PsychoPy_experiment/stimuli/faces/GenAI_faces/other_target.png,/Users/omertzuk/code/EEG/vMMR_EEG_PsychoPy_experiment/stimuli/faces/GenAI_faces/morph50_target.png
2,23,NO,NEGATIVE,OTHER,עָרִיצוּת,4,0,-1,/Users/omertzuk/code/EEG/vMMR_EEG_PsychoPy_experiment/stimuli/faces/GenAI_faces/other.png,/Users/omertzuk/code/EEG/vMMR_EEG_PsychoPy_experiment/stimuli/faces/GenAI_faces/morph50.png,/Users/omertzuk/code/EEG/vMMR_EEG_PsychoPy_experiment/stimuli/faces/GenAI_faces/other_target.png,/Users/omertzuk/code/EEG/vMMR_EEG_PsychoPy_experiment/stimuli/faces/GenAI_faces/morph50_target.png
2,24,DO,DEATH,OTHER,פְּטִירָה,5,1,6,/Users/omertzuk/code/EEG/vMMR_EEG_PsychoPy_experiment/stimuli/faces/GenAI_faces/other.png,/Users/omertzuk/code/EEG/vMMR_EEG_PsychoPy_experiment/stimuli/faces/GenAI_faces/morph50.png,/Users/omertzuk/code/EEG/vMMR_EEG_PsychoPy_experiment/stimuli/faces/GenAI_faces/other_target.png,/Users/omertzuk/code/EEG/vMMR_EEG_PsychoPy_experiment/stimuli/faces/GenAI_faces/morph50_target.png
2,25,NO,NEGATIVE,OTHER,זִלְזוּל,3,0,-1,/Users/omertzuk/code/EEG/vMMR_EEG_PsychoPy_experiment/stimuli/faces/GenAI_faces/other.png,/Users/omertzuk/code/EEG/vMMR_EEG_PsychoPy_experiment/stimuli/faces/GenAI_faces/morph50.png,/Users/omertzuk/code/EEG/vMMR_EEG_PsychoPy_experiment/stimuli/faces/GenAI_faces/other_target.png,/Users/omertzuk/code/EEG/vMMR_EEG_PsychoPy_experiment/stimuli/faces/GenAI_faces/morph50_target.png
2,26,NO,NEGATIVE,OTHER,סְכִיזוֹפְרֶנְיָה,6,0,-1,/Users/omertzuk/code/EEG/vMMR_EEG_PsychoPy_experiment/stimuli/faces/GenAI_faces/other.png,/Users/omertzuk/code/EEG/vMMR_EEG_PsychoPy_experiment/stimuli/faces/GenAI_faces/morph50.png,/Users/omertzuk/code/EEG/vMMR_EEG_PsychoPy_experiment/stimuli/faces/GenAI_faces/other_target.png,/Users/omertzuk/code/EEG/vMMR_EEG_PsychoPy_experiment/stimuli/faces/GenAI_faces/morph50_target.png
2,27,NO,NEGATIVE,OTHER,מַקָק,6,1,6,/Users/omertzuk/code/EEG/vMMR_EEG_PsychoPy_experiment/stimuli/faces/GenAI_faces/other.png,/Users/omertzuk/code/EEG/vMMR_EEG_PsychoPy_experiment/stimuli/faces/GenAI_faces/morph50.png,/Users/omertzuk/code/EEG/vMMR_EEG_PsychoPy_experiment/stimuli/faces/GenAI_faces/other_target.png,/Users/omertzuk/code/EEG/vMMR_EEG_PsychoPy_experiment/stimuli/faces/GenAI_faces/morph50_target.png
2,28,NO,NEGATIVE,OTHER,זֵיעָה,6,0,-1,/Users/omertzuk/code/EEG/vMMR_EEG_PsychoPy_experiment/stimuli/faces/GenAI_faces/other.png,/Users/omertzuk/code/EEG/vMMR_EEG_PsychoPy_experiment/stimuli/faces/GenAI_faces/morph50.png,/Users/omertzuk/code/EEG/vMMR_EEG_PsychoPy_experiment/stimuli/faces/GenAI_faces/other_target.png,/Users/omertzuk/code/EEG/vMMR_EEG_PsychoPy_experiment/stimuli/faces/GenAI_faces/morph50_target.png
2,29,DO,DEATH,OTHER,לְוָיָה,6,0,-1,/Users/omertzuk/code/EEG/vMMR_EEG_PsychoPy_experiment/stimuli/faces/GenAI_faces/other.png,/Users/omertzuk/code/EEG/vMMR_EEG_PsychoPy_experiment/stimuli/faces/GenAI_faces/morph50.png,/Users/omertzuk/code/EEG/vMMR_EEG_PsychoPy_experiment/stimuli/faces/GenAI_faces/other_target.png,/Users/omertzuk/code/EEG/vMMR_EEG_PsychoPy_experiment/stimuli/faces/GenAI_faces/morph50_target.png
2,30,DS,DEATH,SELF,הֲרִיגָה,3,0,-1,/Users/omertzuk/code/EEG/vMMR_EEG_PsychoPy_experiment/stimuli/faces/GenAI_faces/self.png,/Users/omertzuk/code/EEG/vMMR_EEG_PsychoPy_experiment/stimuli/faces/GenAI_faces/morph50.png,/Users/omertzuk/code/EEG/vMMR_EEG_PsychoPy_experiment/stimuli/faces/GenAI_faces/self_target.png,/Users/omertzuk/code/EEG/vMMR_EEG_PsychoPy_experiment/stimuli/faces/GenAI_faces/morph50_target.png
2,31,NO,NEGATIVE,OTHER,נְשִׁיכָה,5,0,-1,/Users/omertzuk/code/EEG/vMMR_EEG_PsychoPy_experiment/stimuli/faces/GenAI_faces/other.png,/Users/omertzuk/code/EEG/vMMR_EEG_PsychoPy_experiment/stimuli/faces/GenAI_faces/morph50.png,/Users/omertzuk/code/EEG/vMMR_EEG_PsychoPy_experiment/stimuli/faces/GenAI_faces/other_target.png,/Users/omertzuk/code/EEG/vMMR_EEG_PsychoPy_experiment/stimuli/faces/GenAI_faces/morph50_target.png
2,32,DO,DEATH,OTHER,דְּוַי,3,0,-1,/Users/omertzuk/code/EEG/vMMR_EEG_PsychoPy_experiment/stimuli/faces/GenAI_faces/other.png,/Users/omertzuk/code/EEG/vMMR_EEG_PsychoPy_experiment/stimuli/faces/GenAI_faces/morph50.png,/Users/omertzuk/code/EEG/vMMR_EEG_PsychoPy_experiment/stimuli/faces/GenAI_faces/other_target.png,/Users/omertzuk/code/EEG/vMMR_EEG_PsychoPy_experiment/stimuli/faces/GenAI_faces/morph50_target.png
2,33,DS,DEATH,SELF,לְוָיָה,6,0,-1,/Users/omertzuk/code/EEG/vMMR_EEG_PsychoPy_experiment/stimuli/faces/GenAI_faces/self.png,/Users/omertzuk/code/EEG/vMMR_EEG_PsychoPy_experiment/stimuli/faces/GenAI_faces/morph50.png,/Users/omertzuk/code/EEG/vMMR_EEG_PsychoPy_experiment/stimuli/faces/GenAI_faces/self_target.png,/Users/omertzuk/code/EEG/vMMR_EEG_PsychoPy_experiment/stimuli/faces/GenAI_faces/morph50_target.png
2,34,DO,DEATH,OTHER,חֲנִיטָה,3,0,-1,/Users/omertzuk/code/EEG/vMMR_EEG_PsychoPy_experiment/stimuli/faces/GenAI_faces/other.png,/Users/omertzuk/code/EEG/vMMR_EEG_PsychoPy_experiment/stimuli/faces/GenAI_faces/morph50.png,/Users/omertzuk/code/EEG/vMMR_EEG_PsychoPy_experiment/stimuli/faces/GenAI_faces/other_target.png,/Users/omertzuk/code/EEG/vMMR_EEG_PsychoPy_experiment/stimuli/faces/GenAI_faces/morph50_target.png
2,35,DS,DEATH,SELF,תְמוּתָה,5,1,3,/Users/omertzuk/code/EEG/vMMR_EEG_PsychoPy_experiment/stimuli/faces/GenAI_faces/self.png,/Users/omertzuk/code/EEG/vMMR_EEG_PsychoPy_experiment/stimuli/faces/GenAI_faces/morph50.png,/Users/omertzuk/code/EEG/vMMR_EEG_PsychoPy_experiment/stimuli/faces/GenAI_faces/self_target.png,/Users/omertzuk/code/EEG/vMMR_EEG_PsychoPy_experiment/stimuli/faces/GenAI_faces/morph50_target.png
2,36,DS,DEATH,SELF,יָגוֹן,6,0,-1,/Users/omertzuk/code/EEG/vMMR_EEG_PsychoPy_experiment/stimuli/faces/GenAI_faces/self.png,/Users/omertzuk/code/EEG/vMMR_EEG_PsychoPy_experiment/stimuli/faces/GenAI_faces/morph50.png,/Users/omertzuk/code/EEG/vMMR_EEG_PsychoPy_experiment/stimuli/faces/GenAI_faces/self_target.png,/Users/omertzuk/code/EEG/vMMR_EEG_PsychoPy_experiment/stimuli/faces/GenAI_faces/morph50_target.png
2,37,DS,DEATH,SELF,זִיקְנָה,4,0,-1,/Users/omertzuk/code/EEG/vMMR_EEG_PsychoPy_experiment/stimuli/faces/GenAI_faces/self.png,/Users/omertzuk/code/EEG/vMMR_EEG_PsychoPy_experiment/stimuli/faces/GenAI_faces/morph50.png,/Users/omertzuk/code/EEG/vMMR_EEG_PsychoPy_experiment/stimuli/faces/GenAI_faces/self_target.png,/Users/omertzuk/code/EEG/vMMR_EEG_PsychoPy_experiment/stimuli/faces/GenAI_faces/morph50_target.png
2,38,DS,DEATH,SELF,גֵיהִנוֹם,4,0,-1,/Users/omertzuk/code/EEG/vMMR_EEG_PsychoPy_experiment/stimuli/faces/GenAI_faces/self.png,/Users/omertzuk/code/EEG/vMMR_EEG_PsychoPy_experiment/stimuli/faces/GenAI_faces/morph50.png,/Users/omertzuk/code/EEG/vMMR_EEG_PsychoPy_experiment/stimuli/faces/GenAI_faces/self_target.png,/Users/omertzuk/code/EEG/vMMR_EEG_PsychoPy_experiment/stimuli/faces/GenAI_faces/morph50_target.png
2,39,DO,DEATH,OTHER,מָוֶת,3,0,-1,/Users/omertzuk/code/EEG/vMMR_EEG_PsychoPy_experiment/stimuli/faces/GenAI_faces/other.png,/Users/omertzuk/code/EEG/vMMR_EEG_PsychoPy_experiment/stimuli/faces/GenAI_faces/morph50.png,/Users/omertzuk/code/EEG/vMMR_EEG_PsychoPy_experiment/stimuli/faces/GenAI_faces/other_target.png,/Users/omertzuk/code/EEG/vMMR_EEG_PsychoPy_experiment/stimuli/faces/GenAI_faces/morph50_target.png
2,40,DO,DEATH,OTHER,פּוֹגְרוֹם,6,1,5,/Users/omertzuk/code/EEG/vMMR_EEG_PsychoPy_experiment/stimuli/faces/GenAI_faces/other.png,/Users/omertzuk/code/EEG/vMMR_EEG_PsychoPy_experiment/stimuli/faces/GenAI_faces/morph50.png,/Users/omertzuk/code/EEG/vMMR_EEG_PsychoPy_experiment/stimuli/faces/GenAI_faces/other_target.png,/Users/omertzuk/code/EEG/vMMR_EEG_PsychoPy_experiment/stimuli/faces/GenAI_faces/morph50_target.png
2,41,DS,DEATH,SELF,הֲרִיגָה,5,0,-1,/Users/omertzuk/code/EEG/vMMR_EEG_PsychoPy_experiment/stimuli/faces/GenAI_faces/self.png,/Users/omertzuk/code/EEG/vMMR_EEG_PsychoPy_experiment/stimuli/faces/GenAI_faces/morph50.png,/Users/omertzuk/code/EEG/vMMR_EEG_PsychoPy_experiment/stimuli/faces/GenAI_faces/self_target.png,/Users/omertzuk/code/EEG/vMMR_EEG_PsychoPy_experiment/stimuli/faces/GenAI_faces/morph50_target.png
2,42,DS,DEATH,SELF,טֶבַח,5,0,-1,/Users/omertzuk/code/EEG/vMMR_EEG_PsychoPy_experiment/stimuli/faces/GenAI_faces/self.png,/Users/omertzuk/code/EEG/vMMR_EEG_PsychoPy_experiment/stimuli/faces/GenAI_faces/morph50.png,/Users/omertzuk/code/EEG/vMMR_EEG_PsychoPy_experiment/stimuli/faces/GenAI_faces/self_target.png,/Users/omertzuk/code/EEG/vMMR_EEG_PsychoPy_experiment/stimuli/faces/GenAI_faces/morph50_target.png
2,43,DO,DEATH,OTHER,קֶבֶר,6,1,7,/Users/omertzuk/code/EEG/vMMR_EEG_PsychoPy_experiment/stimuli/faces/GenAI_faces/other.png,/Users/omertzuk/code/EEG/vMMR_EEG_PsychoPy_experiment/stimuli/faces/GenAI_faces/morph50.png,/Users/omertzuk/code/EEG/vMMR_EEG_PsychoPy_experiment/stimuli/faces/GenAI_faces/other_target.png,/Users/omertzuk/code/EEG/vMMR_EEG_PsychoPy_experiment/stimuli/faces/GenAI_faces/morph50_target.png
2,44,DO,DEATH,OTHER,כִימוֹתֶרַפְּיָה,6,0,-1,/Users/omertzuk/code/EEG/vMMR_EEG_PsychoPy_experiment/stimuli/faces/GenAI_faces/other.png,/Users/omertzuk/code/EEG/vMMR_EEG_PsychoPy_experiment/stimuli/faces/GenAI_faces/morph50.png,/Users/omertzuk/code/EEG/vMMR_EEG_PsychoPy_experiment/stimuli/faces/GenAI_faces/other_target.png,/Users/omertzuk/code/EEG/vMMR_EEG_PsychoPy_experiment/stimuli/faces/GenAI_faces/morph50_target.png
2,45,DS,DEATH,SELF,פְּטִירָה,6,0,-1,/Users/omertzuk/code/EEG/vMMR_EEG_PsychoPy_experiment/stimuli/faces/GenAI_faces/self.png,/Users/omertzuk/code/EEG/vMMR_EEG_PsychoPy_experiment/stimuli/faces/GenAI_faces/morph50.png,/Users/omertzuk/code/EEG/vMMR_EEG_PsychoPy_experiment/stimuli/faces/GenAI_faces/self_target.png,/Users/omertzuk/code/EEG/vMMR_EEG_PsychoPy_experiment/stimuli/faces/GenAI_faces/morph50_target.png
2,46,DO,DEATH,OTHER,מַגֵיפָה,6,0,-1,/Users/omertzuk/code/EEG/vMMR_EEG_PsychoPy_experiment/stimuli/faces/GenAI_faces/other.png,/Users/omertzuk/code/EEG/vMMR_EEG_PsychoPy_experiment/stimuli/faces/GenAI_faces/morph50.png,/Users/omertzuk/code/EEG/vMMR_EEG_PsychoPy_experiment/stimuli/faces/GenAI_faces/other_target.png,/Users/omertzuk/code/EEG/vMMR_EEG_PsychoPy_experiment/stimuli/faces/GenAI_faces/morph50_target.png
2,47,NS,NEGATIVE,SELF,רְעָלָה,5,0,-1,/Users/omertzuk/code/EEG/vMMR_EEG_PsychoPy_experiment/stimuli/faces/GenAI_faces/self.png,/Users/omertzuk/code/EEG/vMMR_EEG_PsychoPy_experiment/stimuli/faces/GenAI_faces/morph50.png,/Users/omertzuk/code/EEG/vMMR_EEG_PsychoPy_experiment/stimuli/faces/GenAI_faces/self_target.png,/Users/omertzuk/code/EEG/vMMR_EEG_PsychoPy_experiment/stimuli/faces/GenAI_faces/morph50_target.png
2,48,DS,DEATH,SELF,רַעַל,3,0,-1,/Users/omertzuk/code/EEG/vMMR_EEG_PsychoPy_experiment/stimuli/faces/GenAI_faces/self.png,/Users/omertzuk/code/EEG/vMMR_EEG_PsychoPy_experiment/stimuli/faces/GenAI_faces/morph50.png,/Users/omertzuk/code/EEG/vMMR_EEG_PsychoPy_experiment/stimuli/faces/GenAI_faces/self_target.png,/Users/omertzuk/code/EEG/vMMR_EEG_PsychoPy_experiment/stimuli/faces/GenAI_faces/morph50_target.png
2,49,DS,DEATH,SELF,נְשָׁמָה,4,0,-1,/Users/omertzuk/code/EEG/vMMR_EEG_PsychoPy_experiment/stimuli/faces/GenAI_faces/self.png,/Users/omertzuk/code/EEG/vMMR_EEG_PsychoPy_experiment/stimuli/faces/GenAI_faces/morph50.png,/Users/omertzuk/code/EEG/vMMR_EEG_PsychoPy_experiment/stimuli/faces/GenAI_faces/self_target.png,/Users/omertzuk/code/EEG/vMMR_EEG_PsychoPy_experiment/stimuli/faces/GenAI_faces/morph50_target.png
2,50,NS,NEGATIVE,SELF,גֶּזֶל,6,0,-1,/Users/omertzuk/code/EEG/vMMR_EEG_PsychoPy_experiment/stimuli/faces/GenAI_faces/self.png,/Users/omertzuk/code/EEG/vMMR_EEG_PsychoPy_experiment/stimuli/faces/GenAI_faces/morph50.png,/Users/omertzuk/code/EEG/vMMR_EEG_PsychoPy_experiment/stimuli/faces/GenAI_faces/self_target.png,/Users/omertzuk/code/EEG/vMMR_EEG_PsychoPy_experiment/stimuli/faces/GenAI_faces/morph50_target.png
2,51,DO,DEATH,OTHER,אֵפֶר,4,1,4,/Users/omertzuk/code/EEG/vMMR_EEG_PsychoPy_experiment/stimuli/faces/GenAI_faces/other.png,/Users/omertzuk/code/EEG/vMMR_EEG_PsychoPy_experiment/stimuli/faces/GenAI_faces/morph50.png,/Users/omertzuk/code/EEG/vMMR_EEG_PsychoPy_experiment/stimuli/faces/GenAI_faces/other_target.png,/Users/omertzuk/code/EEG/vMMR_EEG_PsychoPy_experiment/stimuli/faces/GenAI_faces/morph50_target.png
2,52,DS,DEATH,SELF,הֶסְפֵּד,3,0,-1,/Users/omertzuk/code/EEG/vMMR_EEG_PsychoPy_experiment/stimuli/faces/GenAI_faces/self.png,/Users/omertzuk/code/EEG/vMMR_EEG_PsychoPy_experiment/stimuli/faces/GenAI_faces/morph50.png,/Users/omertzuk/code/EEG/vMMR_EEG_PsychoPy_experiment/stimuli/faces/GenAI_faces/self_target.png,/Users/omertzuk/code/EEG/vMMR_EEG_PsychoPy_experiment/stimuli/faces/GenAI_faces/morph50_target.png
2,53,NS,NEGATIVE,SELF,מֵדוּזָה,6,0,-1,/Users/omertzuk/code/EEG/vMMR_EEG_PsychoPy_experiment/stimuli/faces/GenAI_faces/self.png,/Users/omertzuk/code/EEG/vMMR_EEG_PsychoPy_experiment/stimuli/faces/GenAI_faces/morph50.png,/Users/omertzuk/code/EEG/vMMR_EEG_PsychoPy_experiment/stimuli/faces/GenAI_faces/self_target.png,/Users/omertzuk/code/EEG/vMMR_EEG_PsychoPy_experiment/stimuli/faces/GenAI_faces/morph50_target.png
2,54,NO,NEGATIVE,OTHER,גִילוּי עֲרָיוֹת,4,0,-1,/Users/omertzuk/code/EEG/vMMR_EEG_PsychoPy_experiment/stimuli/faces/GenAI_faces/other.png,/Users/omertzuk/code/EEG/vMMR_EEG_PsychoPy_experiment/stimuli/faces/GenAI_faces/morph50.png,/Users/omertzuk/code/EEG/vMMR_EEG_PsychoPy_experiment/stimuli/faces/GenAI_faces/other_target.png,/Users/omertzuk/code/EEG/vMMR_EEG_PsychoPy_experiment/stimuli/faces/GenAI_faces/morph50_target.png
2,55,NS,NEGATIVE,SELF,עָרִיץ,4,1,3,/Users/omertzuk/code/EEG/vMMR_EEG_PsychoPy_experiment/stimuli/faces/GenAI_faces/self.png,/Users/omertzuk/code/EEG/vMMR_EEG_PsychoPy_experiment/stimuli/faces/GenAI_faces/morph50.png,/Users/omertzuk/code/EEG/vMMR_EEG_PsychoPy_experiment/stimuli/faces/GenAI_faces/self_target.png,/Users/omertzuk/code/EEG/vMMR_EEG_PsychoPy_experiment/stimuli/faces/GenAI_faces/morph50_target.png
2,56,NO,NEGATIVE,OTHER,שׁוֹט,6,0,-1,/Users/omertzuk/code/EEG/vMMR_EEG_PsychoPy_experiment/stimuli/faces/GenAI_faces/other.png,/Users/omertzuk/code/EEG/vMMR_EEG_PsychoPy_experiment/stimuli/faces/GenAI_faces/morph50.png,/Users/omertzuk/code/EEG/vMMR_EEG_PsychoPy_experiment/stimuli/faces/GenAI_faces/other_target.png,/Users/omertzuk/code/EEG/vMMR_EEG_PsychoPy_experiment/stimuli/faces/GenAI_faces/morph50_target.png
2,57,NS,NEGATIVE,SELF,כָּאפִיָה,4,0,-1,/Users/omertzuk/code/EEG/vMMR_EEG_PsychoPy_experiment/stimuli/faces/GenAI_faces/self.png,/Users/omertzuk/code/EEG/vMMR_EEG_PsychoPy_experiment/stimuli/faces/GenAI_faces/morph50.png,/Users/omertzuk/code/EEG/vMMR_EEG_PsychoPy_experiment/stimuli/faces/GenAI_faces/self_target.png,/Users/omertzuk/code/EEG/vMMR_EEG_PsychoPy_experiment/stimuli/faces/GenAI_faces/morph50_target.png
2,58,NO,NEGATIVE,OTHER,סוֹהֵר,5,1,2,/Users/omertzuk/code/EEG/vMMR_EEG_PsychoPy_experiment/stimuli/faces/GenAI_faces/other.png,/Users/omertzuk/code/EEG/vMMR_EEG_PsychoPy_experiment/stimuli/faces/GenAI_faces/morph50.png,/Users/omertzuk/code/EEG/vMMR_EEG_PsychoPy_experiment/stimuli/faces/GenAI_faces/other_target.png,/Users/omertzuk/code/EEG/vMMR_EEG_PsychoPy_experiment/stimuli/faces/GenAI_faces/morph50_target.png
2,59,DO,DEATH,OTHER,הִתְאַבְּדוּת,5,0,-1,/Users/omertzuk/code/EEG/vMMR_EEG_PsychoPy_experiment/stimuli/faces/GenAI_faces/other.png,/Users/omertzuk/code/EEG/vMMR_EEG_PsychoPy_experiment/stimuli/faces/GenAI_faces/morph50.png,/Users/omertzuk/code/EEG/vMMR_EEG_PsychoPy_experiment/stimuli/faces/GenAI_faces/other_target.png,/Users/omertzuk/code/EEG/vMMR_EEG_PsychoPy_experiment/stimuli/faces/GenAI_faces/morph50_target.png
2,60,DO,DEATH,OTHER,תַכְרִיכִים,5,0,-1,/Users/omertzuk/code/EEG/vMMR_EEG_PsychoPy_experiment/stimuli/faces/GenAI_faces/other.png,/Users/omertzuk/code/EEG/vMMR_EEG_PsychoPy_experiment/stimuli/faces/GenAI_faces/morph50.png,/Users/omertzuk/code/EEG/vMMR_EEG_PsychoPy_experiment/stimuli/faces/GenAI_faces/other_target.png,/Users/omertzuk/code/EEG/vMMR_EEG_PsychoPy_experiment/stimuli/faces/GenAI_faces/morph50_target.png
2,61,NS,NEGATIVE,SELF,נִיאוּף,6,0,-1,/Users/omertzuk/code/EEG/vMMR_EEG_PsychoPy_experiment/stimuli/faces/GenAI_faces/self.png,/Users/omertzuk/code/EEG/vMMR_EEG_PsychoPy_experiment/stimuli/faces/GenAI_faces/morph50.png,/Users/omertzuk/code/EEG/vMMR_EEG_PsychoPy_experiment/stimuli/faces/GenAI_faces/self_target.png,/Users/omertzuk/code/EEG/vMMR_EEG_PsychoPy_experiment/stimuli/faces/GenAI_faces/morph50_target.png
2,62,NO,NEGATIVE,OTHER,צְבִיעוּת,6,1,7,/Users/omertzuk/code/EEG/vMMR_EEG_PsychoPy_experiment/stimuli/faces/GenAI_faces/other.png,/Users/omertzuk/code/EEG/vMMR_EEG_PsychoPy_experiment/stimuli/faces/GenAI_faces/morph50.png,/Users/omertzuk/code/EEG/vMMR_EEG_PsychoPy_experiment/stimuli/faces/GenAI_faces/other_target.png,/Users/omertzuk/code/EEG/vMMR_EEG_PsychoPy_experiment/stimuli/faces/GenAI_faces/morph50_target.png
2,63,NS,NEGATIVE,SELF,הַכָּאָה,6,0,-1,/Users/omertzuk/code/EEG/vMMR_EEG_PsychoPy_experiment/stimuli/faces/GenAI_faces/self.png,/Users/omertzuk/code/EEG/vMMR_EEG_PsychoPy_experiment/stimuli/faces/GenAI_faces/morph50.png,/Users/omertzuk/code/EEG/vMMR_EEG_PsychoPy_experiment/stimuli/faces/GenAI_faces/self_target.png,/Users/omertzuk/code/EEG/vMMR_EEG_PsychoPy_experiment/stimuli/faces/GenAI_faces/morph50_target.png
2,64,DS,DEATH,SELF,טְבִיעָה,3,0,-1,/Users/omertzuk/code/EEG/vMMR_EEG_PsychoPy_experiment/stimuli/faces/GenAI_faces/self.png,/Users/omertzuk/code/EEG/vMMR_EEG_PsychoPy_experiment/stimuli/faces/GenAI_faces/morph50.png,/Users/omertzuk/code/EEG/vMMR_EEG_PsychoPy_experiment/stimuli/faces/GenAI_faces/self_target.png,/Users/omertzuk/code/EEG/vMMR_EEG_PsychoPy_experiment/stimuli/faces/GenAI_faces/morph50_target.png
2,65,DS,DEATH,SELF,אוֹבְדָן,3,0,-1,/Users/omertzuk/code/EEG/vMMR_EEG_PsychoPy_experiment/stimuli/faces/GenAI_faces/self.png,/Users/omertzuk/code/EEG/vMMR_EEG_PsychoPy_experiment/stimuli/faces/GenAI_faces/morph50.png,/Users/omertzuk/code/EEG/vMMR_EEG_PsychoPy_experiment/stimuli/faces/GenAI_faces/self_target.png,/Users/omertzuk/code/EEG/vMMR_EEG_PsychoPy_experiment/stimuli/faces/GenAI_faces/morph50_target.png
2,66,DO,DEATH,OTHER,קְבוּרָה,3,0,-1,/Users/omertzuk/code/EEG/vMMR_EEG_PsychoPy_experiment/stimuli/faces/GenAI_faces/other.png,/Users/omertzuk/code/EEG/vMMR_EEG_PsychoPy_experiment/stimuli/faces/GenAI_faces/morph50.png,/Users/omertzuk/code/EEG/vMMR_EEG_PsychoPy_experiment/stimuli/faces/GenAI_faces/other_target.png,/Users/omertzuk/code/EEG/vMMR_EEG_PsychoPy_experiment/stimuli/faces/GenAI_faces/morph50_target.png
2,67,DS,DEATH,SELF,אֵיידְס,3,0,-1,/Users/omertzuk/code/EEG/vMMR_EEG_PsychoPy_experiment/stimuli/faces/GenAI_faces/self.png,/Users/omertzuk/code/EEG/vMMR_EEG_PsychoPy_experiment/stimuli/faces/GenAI_faces/morph50.png,/Users/omertzuk/code/EEG/vMMR_EEG_PsychoPy_experiment/stimuli/faces/GenAI_faces/self_target.png,/Users/omertzuk/code/EEG/vMMR_EEG_PsychoPy_experiment/stimuli/faces/GenAI_faces/morph50_target.png
2,68,NO,NEGATIVE,OTHER,עֲלוּקָה,4,0,-1,/Users/omertzuk/code/EEG/vMMR_EEG_PsychoPy_experiment/stimuli/faces/GenAI_faces/other.png,/Users/omertzuk/code/EEG/vMMR_EEG_PsychoPy_experiment/stimuli/faces/GenAI_faces/morph50.png,/Users/omertzuk/code/EEG/vMMR_EEG_PsychoPy_experiment/stimuli/faces/GenAI_faces/other_target.png,/Users/omertzuk/code/EEG/vMMR_EEG_PsychoPy_experiment/stimuli/faces/GenAI_faces/morph50_target.png
2,69,DO,DEATH,OTHER,אַזְכָּרָה,6,1,3,/Users/omertzuk/code/EEG/vMMR_EEG_PsychoPy_experiment/stimuli/faces/GenAI_faces/other.png,/Users/omertzuk/code/EEG/vMMR_EEG_PsychoPy_experiment/stimuli/faces/GenAI_faces/morph50.png,/Users/omertzuk/code/EEG/vMMR_EEG_PsychoPy_experiment/stimuli/faces/GenAI_faces/other_target.png,/Users/omertzuk/code/EEG/vMMR_EEG_PsychoPy_experiment/stimuli/faces/GenAI_faces/morph50_target.png
2,70,DS,DEATH,SELF,שְׁכוֹל,5,0,-1,/Users/omertzuk/code/EEG/vMMR_EEG_PsychoPy_experiment/stimuli/faces/GenAI_faces/self.png,/Users/omertzuk/code/EEG/vMMR_EEG_PsychoPy_experiment/stimuli/faces/GenAI_faces/morph50.png,/Users/omertzuk/code/EEG/vMMR_EEG_PsychoPy_experiment/stimuli/faces/GenAI_faces/self_target.png,/Users/omertzuk/code/EEG/vMMR_EEG_PsychoPy_experiment/stimuli/faces/GenAI_faces/morph50_target.png
2,71,NO,NEGATIVE,OTHER,תִּיעוּב,6,0,-1,/Users/omertzuk/code/EEG/vMMR_EEG_PsychoPy_experiment/stimuli/faces/GenAI_faces/other.png,/Users/omertzuk/code/EEG/vMMR_EEG_PsychoPy_experiment/stimuli/faces/GenAI_faces/morph50.png,/Users/omertzuk/code/EEG/vMMR_EEG_PsychoPy_experiment/stimuli/faces/GenAI_faces/other_target.png,/Users/omertzuk/code/EEG/vMMR_EEG_PsychoPy_experiment/stimuli/faces/GenAI_faces/morph50_target.png
2,72,NO,NEGATIVE,OTHER,חֶלְאָה,5,0,-1,/Users/omertzuk/code/EEG/vMMR_EEG_PsychoPy_experiment/stimuli/faces/GenAI_faces/other.png,/Users/omertzuk/code/EEG/vMMR_EEG_PsychoPy_experiment/stimuli/faces/GenAI_faces/morph50.png,/Users/omertzuk/code/EEG/vMMR_EEG_PsychoPy_experiment/stimuli/faces/GenAI_faces/other_target.png,/Users/omertzuk/code/EEG/vMMR_EEG_PsychoPy_experiment/stimuli/faces/GenAI_faces/morph50_target.png
2,73,NO,NEGATIVE,OTHER,שִׁפְחָה,3,0,-1,/Users/omertzuk/code/EEG/vMMR_EEG_PsychoPy_experiment/stimuli/faces/GenAI_faces/other.png,/Users/omertzuk/code/EEG/vMMR_EEG_PsychoPy_experiment/stimuli/faces/GenAI_faces/morph50.png,/Users/omertzuk/code/EEG/vMMR_EEG_PsychoPy_experiment/stimuli/faces/GenAI_faces/other_target.png,/Users/omertzuk/code/EEG/vMMR_EEG_PsychoPy_experiment/stimuli/faces/GenAI_faces/morph50_target.png
2,74,DS,DEATH,SELF,אֵבֶל,4,0,-1,/Users/omertzuk/code/EEG/vMMR_EEG_PsychoPy_experiment/stimuli/faces/GenAI_faces/self.png,/Users/omertzuk/code/EEG/vMMR_EEG_PsychoPy_experiment/stimuli/faces/GenAI_faces/morph50.png,/Users/omertzuk/code/EEG/vMMR_EEG_PsychoPy_experiment/stimuli/faces/GenAI_faces/self_target.png,/Users/omertzuk/code/EEG/vMMR_EEG_PsychoPy_experiment/stimuli/faces/GenAI_faces/morph50_target.png
2,75,NO,NEGATIVE,OTHER,גְנֵיבָה,6,1,2,/Users/omertzuk/code/EEG/vMMR_EEG_PsychoPy_experiment/stimuli/faces/GenAI_faces/other.png,/Users/omertzuk/code/EEG/vMMR_EEG_PsychoPy_experiment/stimuli/faces/GenAI_faces/morph50.png,/Users/omertzuk/code/EEG/vMMR_EEG_PsychoPy_experiment/stimuli/faces/GenAI_faces/other_target.png,/Users/omertzuk/code/EEG/vMMR_EEG_PsychoPy_experiment/stimuli/faces/GenAI_faces/morph50_target.png
2,76,NS,NEGATIVE,SELF,שׁוֹחַד,5,1,3,/Users/omertzuk/code/EEG/vMMR_EEG_PsychoPy_experiment/stimuli/faces/GenAI_faces/self.png,/Users/omertzuk/code/EEG/vMMR_EEG_PsychoPy_experiment/stimuli/faces/GenAI_faces/morph50.png,/Users/omertzuk/code/EEG/vMMR_EEG_PsychoPy_experiment/stimuli/faces/GenAI_faces/self_target.png,/Users/omertzuk/code/EEG/vMMR_EEG_PsychoPy_experiment/stimuli/faces/GenAI_faces/morph50_target.png
2,77,NS,NEGATIVE,SELF,מִיאוּס,4,0,-1,/Users/omertzuk/code/EEG/vMMR_EEG_PsychoPy_experiment/stimuli/faces/GenAI_faces/self.png,/Users/omertzuk/code/EEG/vMMR_EEG_PsychoPy_experiment/stimuli/faces/GenAI_faces/morph50.png,/Users/omertzuk/code/EEG/vMMR_EEG_PsychoPy_experiment/stimuli/faces/GenAI_faces/self_target.png,/Users/omertzuk/code/EEG/vMMR_EEG_PsychoPy_experiment/stimuli/faces/GenAI_faces/morph50_target.png
2,78,NS,NEGATIVE,SELF,מוּגְלָה,4,0,-1,/Users/omertzuk/code/EEG/vMMR_EEG_PsychoPy_experiment/stimuli/faces/GenAI_faces/self.png,/Users/omertzuk/code/EEG/vMMR_EEG_PsychoPy_experiment/stimuli/faces/GenAI_faces/morph50.png,/Users/omertzuk/code/EEG/vMMR_EEG_PsychoPy_experiment/stimuli/faces/GenAI_faces/self_target.png,/Users/omertzuk/code/EEG/vMMR_EEG_PsychoPy_experiment/stimuli/faces/GenAI_faces/morph50_target.png
2,79,NS,NEGATIVE,SELF,רַעַשׁ,3,0,-1,/Users/omertzuk/code/EEG/vMMR_EEG_PsychoPy_experiment/stimuli/faces/GenAI_faces/self.png,/Users/omertzuk/code/EEG/vMMR_EEG_PsychoPy_experiment/stimuli/faces/GenAI_faces/morph50.png,/Users/omertzuk/code/EEG/vMMR_EEG_PsychoPy_experiment/stimuli/faces/GenAI_faces/self_target.png,/Users/omertzuk/code/EEG/vMMR_EEG_PsychoPy_experiment/stimuli/faces/GenAI_faces/morph50_target.png
2,80,DS,DEATH,SELF,גִ'יהַאד,4,0,-1,/Users/omertzuk/code/EEG/vMMR_EEG_PsychoPy_experiment/stimuli/faces/GenAI_faces/self.png,/Users/omertzuk/code/EEG/vMMR_EEG_PsychoPy_experiment/stimuli/faces/GenAI_faces/morph50.png,/Users/omertzuk/code/EEG/vMMR_EEG_PsychoPy_experiment/stimuli/faces/GenAI_faces/self_target.png,/Users/omertzuk/code/EEG/vMMR_EEG_PsychoPy_experiment/stimuli/faces/GenAI_faces/morph50_target.png
2,81,DS,DEATH,SELF,גְּוִיָה,4,0,-1,/Users/omertzuk/code/EEG/vMMR_EEG_PsychoPy_experiment/stimuli/faces/GenAI_faces/self.png,/Users/omertzuk/code/EEG/vMMR_EEG_PsychoPy_experiment/stimuli/faces/GenAI_faces/morph50.png,/Users/omertzuk/code/EEG/vMMR_EEG_PsychoPy_experiment/stimuli/faces/GenAI_faces/self_target.png,/Users/omertzuk/code/EEG/vMMR_EEG_PsychoPy_experiment/stimuli/faces/GenAI_faces/morph50_target.png
2,82,NS,NEGATIVE,SELF,גַנָב,5,1,4,/Users/omertzuk/code/EEG/vMMR_EEG_PsychoPy_experiment/stimuli/faces/GenAI_faces/self.png,/Users/omertzuk/code/EEG/vMMR_EEG_PsychoPy_experiment/stimuli/faces/GenAI_faces/morph50.png,/Users/omertzuk/code/EEG/vMMR_EEG_PsychoPy_experiment/stimuli/faces/GenAI_faces/self_target.png,/Users/omertzuk/code/EEG/vMMR_EEG_PsychoPy_experiment/stimuli/faces/GenAI_faces/morph50_target.png
2,83,NS,NEGATIVE,SELF,נִיפּוּץ,6,0,-1,/Users/omertzuk/code/EEG/vMMR_EEG_PsychoPy_experiment/stimuli/faces/GenAI_faces/self.png,/Users/omertzuk/code/EEG/vMMR_EEG_PsychoPy_experiment/stimuli/faces/GenAI_faces/morph50.png,/Users/omertzuk/code/EEG/vMMR_EEG_PsychoPy_experiment/stimuli/faces/GenAI_faces/self_target.png,/Users/omertzuk/code/EEG/vMMR_EEG_PsychoPy_experiment/stimuli/faces/GenAI_faces/morph50_target.png
2,84,DO,DEATH,OTHER,הָרוּג,5,1,6,/Users/omertzuk/code/EEG/vMMR_EEG_PsychoPy_experiment/stimuli/faces/GenAI_faces/other.png,/Users/omertzuk/code/EEG/vMMR_EEG_PsychoPy_experiment/stimuli/faces/GenAI_faces/morph50.png,/Users/omertzuk/code/EEG/vMMR_EEG_PsychoPy_experiment/stimuli/faces/GenAI_faces/other_target.png,/Users/omertzuk/code/EEG/vMMR_EEG_PsychoPy_experiment/stimuli/faces/GenAI_faces/morph50_target.png
2,85,DS,DEATH,SELF,מוּמְיָה,3,0,-1,/Users/omertzuk/code/EEG/vMMR_EEG_PsychoPy_experiment/stimuli/faces/GenAI_faces/self.png,/Users/omertzuk/code/EEG/vMMR_EEG_PsychoPy_experiment/stimuli/faces/GenAI_faces/morph50.png,/Users/omertzuk/code/EEG/vMMR_EEG_PsychoPy_experiment/stimuli/faces/GenAI_faces/self_target.png,/Users/omertzuk/code/EEG/vMMR_EEG_PsychoPy_experiment/stimuli/faces/GenAI_faces/morph50_target.png
2,86,NO,NEGATIVE,OTHER,הַשְׁפָּלָה,4,1,5,/Users/omertzuk/code/EEG/vMMR_EEG_PsychoPy_experiment/stimuli/faces/GenAI_faces/other.png,/Users/omertzuk/code/EEG/vMMR_EEG_PsychoPy_experiment/stimuli/faces/GenAI_faces/morph50.png,/Users/omertzuk/code/EEG/vMMR_EEG_PsychoPy_experiment/stimuli/faces/GenAI_faces/other_target.png,/Users/omertzuk/code/EEG/vMMR_EEG_PsychoPy_experiment/stimuli/faces/GenAI_faces/morph50_target.png
2,87,NO,NEGATIVE,OTHER,שֶׁקֶר,4,1,5,/Users/omertzuk/code/EEG/vMMR_EEG_PsychoPy_experiment/stimuli/faces/GenAI_faces/other.png,/Users/omertzuk/code/EEG/vMMR_EEG_PsychoPy_experiment/stimuli/faces/GenAI_faces/morph50.png,/Users/omertzuk/code/EEG/vMMR_EEG_PsychoPy_experiment/stimuli/faces/GenAI_faces/other_target.png,/Users/omertzuk/code/EEG/vMMR_EEG_PsychoPy_experiment/stimuli/faces/GenAI_faces/morph50_target.png
2,88,DO,DEATH,OTHER,גְסִיסָה,3,0,-1,/Users/omertzuk/code/EEG/vMMR_EEG_PsychoPy_experiment/stimuli/faces/GenAI_faces/other.png,/Users/omertzuk/code/EEG/vMMR_EEG_PsychoPy_experiment/stimuli/faces/GenAI_faces/morph50.png,/Users/omertzuk/code/EEG/vMMR_EEG_PsychoPy_experiment/stimuli/faces/GenAI_faces/other_target.png,/Users/omertzuk/code/EEG/vMMR_EEG_PsychoPy_experiment/stimuli/faces/GenAI_faces/morph50_target.png
2,89,DS,DEATH,SELF,גוּלְגוֹלֶת,6,1,5,/Users/omertzuk/code/EEG/vMMR_EEG_PsychoPy_experiment/stimuli/faces/GenAI_faces/self.png,/Users/omertzuk/code/EEG/vMMR_EEG_PsychoPy_experiment/stimuli/faces/GenAI_faces/morph50.png,/Users/omertzuk/code/EEG/vMMR_EEG_PsychoPy_experiment/stimuli/faces/GenAI_faces/self_target.png,/Users/omertzuk/code/EEG/vMMR_EEG_PsychoPy_experiment/stimuli/faces/GenAI_faces/morph50_target.png
2,90,NO,NEGATIVE,OTHER,זוֹנָה,5,0,-1,/Users/omertzuk/code/EEG/vMMR_EEG_PsychoPy_experiment/stimuli/faces/GenAI_faces/other.png,/Users/omertzuk/code/EEG/vMMR_EEG_PsychoPy_experiment/stimuli/faces/GenAI_faces/morph50.png,/Users/omertzuk/code/EEG/vMMR_EEG_PsychoPy_experiment/stimuli/faces/GenAI_faces/other_target.png,/Users/omertzuk/code/EEG/vMMR_EEG_PsychoPy_experiment/stimuli/faces/GenAI_faces/morph50_target.png
2,91,NO,NEGATIVE,OTHER,רֶפֶשׁ,3,0,-1,/Users/omertzuk/code/EEG/vMMR_EEG_PsychoPy_experiment/stimuli/faces/GenAI_faces/other.png,/Users/omertzuk/code/EEG/vMMR_EEG_PsychoPy_experiment/stimuli/faces/GenAI_faces/morph50.png,/Users/omertzuk/code/EEG/vMMR_EEG_PsychoPy_experiment/stimuli/faces/GenAI_faces/other_target.png,/Users/omertzuk/code/EEG/vMMR_EEG_PsychoPy_experiment/stimuli/faces/GenAI_faces/morph50_target.png
2,92,DS,DEATH,SELF,סַרְטָן,6,1,3,/Users/omertzuk/code/EEG/vMMR_EEG_PsychoPy_experiment/stimuli/faces/GenAI_faces/self.png,/Users/omertzuk/code/EEG/vMMR_EEG_PsychoPy_experiment/stimuli/faces/GenAI_faces/morph50.png,/Users/omertzuk/code/EEG/vMMR_EEG_PsychoPy_experiment/stimuli/faces/GenAI_faces/self_target.png,/Users/omertzuk/code/EEG/vMMR_EEG_PsychoPy_experiment/stimuli/faces/GenAI_faces/morph50_target.png
2,93,DO,DEATH,OTHER,מַצֵבָה,4,0,-1,/Users/omertzuk/code/EEG/vMMR_EEG_PsychoPy_experiment/stimuli/faces/GenAI_faces/other.png,/Users/omertzuk/code/EEG/vMMR_EEG_PsychoPy_experiment/stimuli/faces/GenAI_faces/morph50.png,/Users/omertzuk/code/EEG/vMMR_EEG_PsychoPy_experiment/stimuli/faces/GenAI_faces/other_target.png,/Users/omertzuk/code/EEG/vMMR_EEG_PsychoPy_experiment/stimuli/faces/GenAI_faces/morph50_target.png
2,94,DS,DEATH,SELF,מַצֵבָה,6,1,6,/Users/omertzuk/code/EEG/vMMR_EEG_PsychoPy_experiment/stimuli/faces/GenAI_faces/self.png,/Users/omertzuk/code/EEG/vMMR_EEG_PsychoPy_experiment/stimuli/faces/GenAI_faces/morph50.png,/Users/omertzuk/code/EEG/vMMR_EEG_PsychoPy_experiment/stimuli/faces/GenAI_faces/self_target.png,/Users/omertzuk/code/EEG/vMMR_EEG_PsychoPy_experiment/stimuli/faces/GenAI_faces/morph50_target.png
2,95,NS,NEGATIVE,SELF,בִּיזוּי,3,1,4,/Users/omertzuk/code/EEG/vMMR_EEG_PsychoPy_experiment/stimuli/faces/GenAI_faces/self.png,/Users/omertzuk/code/EEG/vMMR_EEG_PsychoPy_experiment/stimuli/faces/GenAI_faces/morph50.png,/Users/omertzuk/code/EEG/vMMR_EEG_PsychoPy_experiment/stimuli/faces/GenAI_faces/self_target.png,/Users/omertzuk/code/EEG/vMMR_EEG_PsychoPy_experiment/stimuli/faces/GenAI_faces/morph50_target.png
2,96,NO,NEGATIVE,OTHER,בְּחִילָה,5,0,-1,/Users/omertzuk/code/EEG/vMMR_EEG_PsychoPy_experiment/stimuli/faces/GenAI_faces/other.png,/Users/omertzuk/code/EEG/vMMR_EEG_PsychoPy_experiment/stimuli/faces/GenAI_faces/morph50.png,/Users/omertzuk/code/EEG/vMMR_EEG_PsychoPy_experiment/stimuli/faces/GenAI_faces/other_target.png,/Users/omertzuk/code/EEG/vMMR_EEG_PsychoPy_experiment/stimuli/faces/GenAI_faces/morph50_target.png
2,97,NO,NEGATIVE,OTHER,הַטְרָדָה,3,0,-1,/Users/omertzuk/code/EEG/vMMR_EEG_PsychoPy_experiment/stimuli/faces/GenAI_faces/other.png,/Users/omertzuk/code/EEG/vMMR_EEG_PsychoPy_experiment/stimuli/faces/GenAI_faces/morph50.png,/Users/omertzuk/code/EEG/vMMR_EEG_PsychoPy_experiment/stimuli/faces/GenAI_faces/other_target.png,/Users/omertzuk/code/EEG/vMMR_EEG_PsychoPy_experiment/stimuli/faces/GenAI_faces/morph50_target.png
2,98,NO,NEGATIVE,OTHER,נִיפּוּץ,3,0,-1,/Users/omertzuk/code/EEG/vMMR_EEG_PsychoPy_experiment/stimuli/faces/GenAI_faces/other.png,/Users/omertzuk/code/EEG/vMMR_EEG_PsychoPy_experiment/stimuli/faces/GenAI_faces/morph50.png,/Users/omertzuk/code/EEG/vMMR_EEG_PsychoPy_experiment/stimuli/faces/GenAI_faces/other_target.png,/Users/omertzuk/code/EEG/vMMR_EEG_PsychoPy_experiment/stimuli/faces/GenAI_faces/morph50_target.png
2,99,NO,NEGATIVE,OTHER,צְבִיעוּת,4,1,1,/Users/omertzuk/code/EEG/vMMR_EEG_PsychoPy_experiment/stimuli/faces/GenAI_faces/other.png,/Users/omertzuk/code/EEG/vMMR_EEG_PsychoPy_experiment/stimuli/faces/GenAI_faces/morph50.png,/Users/omertzuk/code/EEG/vMMR_EEG_PsychoPy_experiment/stimuli/faces/GenAI_faces/other_target.png,/Users/omertzuk/code/EEG/vMMR_EEG_PsychoPy_experiment/stimuli/faces/GenAI_faces/morph50_target.png
2,100,DS,DEATH,SELF,מַגֵיפָה,4,0,-1,/Users/omertzuk/code/EEG/vMMR_EEG_PsychoPy_experiment/stimuli/faces/GenAI_faces/self.png,/Users/omertzuk/code/EEG/vMMR_EEG_PsychoPy_experiment/stimuli/faces/GenAI_faces/morph50.png,/Users/omertzuk/code/EEG/vMMR_EEG_PsychoPy_experiment/stimuli/faces/GenAI_faces/self_target.png,/Users/omertzuk/code/EEG/vMMR_EEG_PsychoPy_experiment/stimuli/faces/GenAI_faces/morph50_target.png
2,101,NS,NEGATIVE,SELF,נִיאוּף,6,0,-1,/Users/omertzuk/code/EEG/vMMR_EEG_PsychoPy_experiment/stimuli/faces/GenAI_faces/self.png,/Users/omertzuk/code/EEG/vMMR_EEG_PsychoPy_experiment/stimuli/faces/GenAI_faces/morph50.png,/Users/omertzuk/code/EEG/vMMR_EEG_PsychoPy_experiment/stimuli/faces/GenAI_faces/self_target.png,/Users/omertzuk/code/EEG/vMMR_EEG_PsychoPy_experiment/stimuli/faces/GenAI_faces/morph50_target.png
2,102,DS,DEATH,SELF,קֶבֶר,6,1,3,/Users/omertzuk/code/EEG/vMMR_EEG_PsychoPy_experiment/stimuli/faces/GenAI_faces/self.png,/Users/omertzuk/code/EEG/vMMR_EEG_PsychoPy_experiment/stimuli/faces/GenAI_faces/morph50.png,/Users/omertzuk/code/EEG/vMMR_EEG_PsychoPy_experiment/stimuli/faces/GenAI_faces/self_target.png,/Users/omertzuk/code/EEG/vMMR_EEG_PsychoPy_experiment/stimuli/faces/GenAI_faces/morph50_target.png
2,103,DS,DEATH,SELF,מוּמְיָה,5,0,-1,/Users/omertzuk/code/EEG/vMMR_EEG_PsychoPy_experiment/stimuli/faces/GenAI_faces/self.png,/Users/omertzuk/code/EEG/vMMR_EEG_PsychoPy_experiment/stimuli/faces/GenAI_faces/morph50.png,/Users/omertzuk/code/EEG/vMMR_EEG_PsychoPy_experiment/stimuli/faces/GenAI_faces/self_target.png,/Users/omertzuk/code/EEG/vMMR_EEG_PsychoPy_experiment/stimuli/faces/GenAI_faces/morph50_target.png
2,104,DO,DEATH,OTHER,זִיקְנָה,6,0,-1,/Users/omertzuk/code/EEG/vMMR_EEG_PsychoPy_experiment/stimuli/faces/GenAI_faces/other.png,/Users/omertzuk/code/EEG/vMMR_EEG_PsychoPy_experiment/stimuli/faces/GenAI_faces/morph50.png,/Users/omertzuk/code/EEG/vMMR_EEG_PsychoPy_experiment/stimuli/faces/GenAI_faces/other_target.png,/Users/omertzuk/code/EEG/vMMR_EEG_PsychoPy_experiment/stimuli/faces/GenAI_faces/morph50_target.png
2,105,DO,DEATH,OTHER,תַכְרִיכִים,5,0,-1,/Users/omertzuk/code/EEG/vMMR_EEG_PsychoPy_experiment/stimuli/faces/GenAI_faces/other.png,/Users/omertzuk/code/EEG/vMMR_EEG_PsychoPy_experiment/stimuli/faces/GenAI_faces/morph50.png,/Users/omertzuk/code/EEG/vMMR_EEG_PsychoPy_experiment/stimuli/faces/GenAI_faces/other_target.png,/Users/omertzuk/code/EEG/vMMR_EEG_PsychoPy_experiment/stimuli/faces/GenAI_faces/morph50_target.png
2,106,DO,DEATH,OTHER,יָגוֹן,6,0,-1,/Users/omertzuk/code/EEG/vMMR_EEG_PsychoPy_experiment/stimuli/faces/GenAI_faces/other.png,/Users/omertzuk/code/EEG/vMMR_EEG_PsychoPy_experiment/stimuli/faces/GenAI_faces/morph50.png,/Users/omertzuk/code/EEG/vMMR_EEG_PsychoPy_experiment/stimuli/faces/GenAI_faces/other_target.png,/Users/omertzuk/code/EEG/vMMR_EEG_PsychoPy_experiment/stimuli/faces/GenAI_faces/morph50_target.png
2,107,NO,NEGATIVE,OTHER,הַטְרָדָה,3,0,-1,/Users/omertzuk/code/EEG/vMMR_EEG_PsychoPy_experiment/stimuli/faces/GenAI_faces/other.png,/Users/omertzuk/code/EEG/vMMR_EEG_PsychoPy_experiment/stimuli/faces/GenAI_faces/morph50.png,/Users/omertzuk/code/EEG/vMMR_EEG_PsychoPy_experiment/stimuli/faces/GenAI_faces/other_target.png,/Users/omertzuk/code/EEG/vMMR_EEG_PsychoPy_experiment/stimuli/faces/GenAI_faces/morph50_target.png
2,108,DO,DEATH,OTHER,הָרוּג,3,0,-1,/Users/omertzuk/code/EEG/vMMR_EEG_PsychoPy_experiment/stimuli/faces/GenAI_faces/other.png,/Users/omertzuk/code/EEG/vMMR_EEG_PsychoPy_experiment/stimuli/faces/GenAI_faces/morph50.png,/Users/omertzuk/code/EEG/vMMR_EEG_PsychoPy_experiment/stimuli/faces/GenAI_faces/other_target.png,/Users/omertzuk/code/EEG/vMMR_EEG_PsychoPy_experiment/stimuli/faces/GenAI_faces/morph50_target.png
2,109,NS,NEGATIVE,SELF,גַנָב,3,0,-1,/Users/omertzuk/code/EEG/vMMR_EEG_PsychoPy_experiment/stimuli/faces/GenAI_faces/self.png,/Users/omertzuk/code/EEG/vMMR_EEG_PsychoPy_experiment/stimuli/faces/GenAI_faces/morph50.png,/Users/omertzuk/code/EEG/vMMR_EEG_PsychoPy_experiment/stimuli/faces/GenAI_faces/self_target.png,/Users/omertzuk/code/EEG/vMMR_EEG_PsychoPy_experiment/stimuli/faces/GenAI_faces/morph50_target.png
2,110,NS,NEGATIVE,SELF,חֶלְאָה,3,0,-1,/Users/omertzuk/code/EEG/vMMR_EEG_PsychoPy_experiment/stimuli/faces/GenAI_faces/self.png,/Users/omertzuk/code/EEG/vMMR_EEG_PsychoPy_experiment/stimuli/faces/GenAI_faces/morph50.png,/Users/omertzuk/code/EEG/vMMR_EEG_PsychoPy_experiment/stimuli/faces/GenAI_faces/self_target.png,/Users/omertzuk/code/EEG/vMMR_EEG_PsychoPy_experiment/stimuli/faces/GenAI_faces/morph50_target.png
2,111,DO,DEATH,OTHER,אֵפֶר,6,0,-1,/Users/omertzuk/code/EEG/vMMR_EEG_PsychoPy_experiment/stimuli/faces/GenAI_faces/other.png,/Users/omertzuk/code/EEG/vMMR_EEG_PsychoPy_experiment/stimuli/faces/GenAI_faces/morph50.png,/Users/omertzuk/code/EEG/vMMR_EEG_PsychoPy_experiment/stimuli/faces/GenAI_faces/other_target.png,/Users/omertzuk/code/EEG/vMMR_EEG_PsychoPy_experiment/stimuli/faces/GenAI_faces/morph50_target.png
2,112,NO,NEGATIVE,OTHER,סְכִיזוֹפְרֶנְיָה,3,1,3,/Users/omertzuk/code/EEG/vMMR_EEG_PsychoPy_experiment/stimuli/faces/GenAI_faces/other.png,/Users/omertzuk/code/EEG/vMMR_EEG_PsychoPy_experiment/stimuli/faces/GenAI_faces/morph50.png,/Users/omertzuk/code/EEG/vMMR_EEG_PsychoPy_experiment/stimuli/faces/GenAI_faces/other_target.png,/Users/omertzuk/code/EEG/vMMR_EEG_PsychoPy_experiment/stimuli/faces/GenAI_faces/morph50_target.png
2,113,NS,NEGATIVE,SELF,אֲסִיר,4,0,-1,/Users/omertzuk/code/EEG/vMMR_EEG_PsychoPy_experiment/stimuli/faces/GenAI_faces/self.png,/Users/omertzuk/code/EEG/vMMR_EEG_PsychoPy_experiment/stimuli/faces/GenAI_faces/morph50.png,/Users/omertzuk/code/EEG/vMMR_EEG_PsychoPy_experiment/stimuli/faces/GenAI_faces/self_target.png,/Users/omertzuk/code/EEG/vMMR_EEG_PsychoPy_experiment/stimuli/faces/GenAI_faces/morph50_target.png
2,114,NS,NEGATIVE,SELF,מֵדוּזָה,4,1,3,/Users/omertzuk/code/EEG/vMMR_EEG_PsychoPy_experiment/stimuli/faces/GenAI_faces/self.png,/Users/omertzuk/code/EEG/vMMR_EEG_PsychoPy_experiment/stimuli/faces/GenAI_faces/morph50.png,/Users/omertzuk/code/EEG/vMMR_EEG_PsychoPy_experiment/stimuli/faces/GenAI_faces/self_target.png,/Users/omertzuk/code/EEG/vMMR_EEG_PsychoPy_experiment/stimuli/faces/GenAI_faces/morph50_target.png
2,115,DS,DEATH,SELF,גוּלְגוֹלֶת,5,1,6,/Users/omertzuk/code/EEG/vMMR_EEG_PsychoPy_experiment/stimuli/faces/GenAI_faces/self.png,/Users/omertzuk/code/EEG/vMMR_EEG_PsychoPy_experiment/stimuli/faces/GenAI_faces/morph50.png,/Users/omertzuk/code/EEG/vMMR_EEG_PsychoPy_experiment/stimuli/faces/GenAI_faces/self_target.png,/Users/omertzuk/code/EEG/vMMR_EEG_PsychoPy_experiment/stimuli/faces/GenAI_faces/morph50_target.png
2,116,DO,DEATH,OTHER,מָוֶת,6,0,-1,/Users/omertzuk/code/EEG/vMMR_EEG_PsychoPy_experiment/stimuli/faces/GenAI_faces/other.png,/Users/omertzuk/code/EEG/vMMR_EEG_PsychoPy_experiment/stimuli/faces/GenAI_faces/morph50.png,/Users/omertzuk/code/EEG/vMMR_EEG_PsychoPy_experiment/stimuli/faces/GenAI_faces/other_target.png,/Users/omertzuk/code/EEG/vMMR_EEG_PsychoPy_experiment/stimuli/faces/GenAI_faces/morph50_target.png
2,117,NS,NEGATIVE,SELF,גִילוּי עֲרָיוֹת,6,1,2,/Users/omertzuk/code/EEG/vMMR_EEG_PsychoPy_experiment/stimuli/faces/GenAI_faces/self.png,/Users/omertzuk/code/EEG/vMMR_EEG_PsychoPy_experiment/stimuli/faces/GenAI_faces/morph50.png,/Users/omertzuk/code/EEG/vMMR_EEG_PsychoPy_experiment/stimuli/faces/GenAI_faces/self_target.png,/Users/omertzuk/code/EEG/vMMR_EEG_PsychoPy_experiment/stimuli/faces/GenAI_faces/morph50_target.png
2,118,NO,NEGATIVE,OTHER,שִׁפְחָה,3,0,-1,/Users/omertzuk/code/EEG/vMMR_EEG_PsychoPy_experiment/stimuli/faces/GenAI_faces/other.png,/Users/omertzuk/code/EEG/vMMR_EEG_PsychoPy_experiment/stimuli/faces/GenAI_faces/morph50.png,/Users/omertzuk/code/EEG/vMMR_EEG_PsychoPy_experiment/stimuli/faces/GenAI_faces/other_target.png,/Users/omertzuk/code/EEG/vMMR_EEG_PsychoPy_experiment/stimuli/faces/GenAI_faces/morph50_target.png
2,119,DS,DEATH,SELF,הֲרִיגָה,3,1,3,/Users/omertzuk/code/EEG/vMMR_EEG_PsychoPy_experiment/stimuli/faces/GenAI_faces/self.png,/Users/omertzuk/code/EEG/vMMR_EEG_PsychoPy_experiment/stimuli/faces/GenAI_faces/morph50.png,/Users/omertzuk/code/EEG/vMMR_EEG_PsychoPy_experiment/stimuli/faces/GenAI_faces/self_target.png,/Users/omertzuk/code/EEG/vMMR_EEG_PsychoPy_experiment/stimuli/faces/GenAI_faces/morph50_target.png
2,120,NO,NEGATIVE,OTHER,בִּיזוּי,6,0,-1,/Users/omertzuk/code/EEG/vMMR_EEG_PsychoPy_experiment/stimuli/faces/GenAI_faces/other.png,/Users/omertzuk/code/EEG/vMMR_EEG_PsychoPy_experiment/stimuli/faces/GenAI_faces/morph50.png,/Users/omertzuk/code/EEG/vMMR_EEG_PsychoPy_experiment/stimuli/faces/GenAI_faces/other_target.png,/Users/omertzuk/code/EEG/vMMR_EEG_PsychoPy_experiment/stimuli/faces/GenAI_faces/morph50_target.png
3,1,NS,NEGATIVE,SELF,שֶׁקֶר,6,0,-1,/Users/omertzuk/code/EEG/vMMR_EEG_PsychoPy_experiment/stimuli/faces/GenAI_faces/self.png,/Users/omertzuk/code/EEG/vMMR_EEG_PsychoPy_experiment/stimuli/faces/GenAI_faces/morph50.png,/Users/omertzuk/code/EEG/vMMR_EEG_PsychoPy_experiment/stimuli/faces/GenAI_faces/self_target.png,/Users/omertzuk/code/EEG/vMMR_EEG_PsychoPy_experiment/stimuli/faces/GenAI_faces/morph50_target.png
3,2,DS,DEATH,SELF,אוֹבְדָן,6,0,-1,/Users/omertzuk/code/EEG/vMMR_EEG_PsychoPy_experiment/stimuli/faces/GenAI_faces/self.png,/Users/omertzuk/code/EEG/vMMR_EEG_PsychoPy_experiment/stimuli/faces/GenAI_faces/morph50.png,/Users/omertzuk/code/EEG/vMMR_EEG_PsychoPy_experiment/stimuli/faces/GenAI_faces/self_target.png,/Users/omertzuk/code/EEG/vMMR_EEG_PsychoPy_experiment/stimuli/faces/GenAI_faces/morph50_target.png
3,3,DS,DEATH,SELF,גֵיהִנוֹם,6,0,-1,/Users/omertzuk/code/EEG/vMMR_EEG_PsychoPy_experiment/stimuli/faces/GenAI_faces/self.png,/Users/omertzuk/code/EEG/vMMR_EEG_PsychoPy_experiment/stimuli/faces/GenAI_faces/morph50.png,/Users/omertzuk/code/EEG/vMMR_EEG_PsychoPy_experiment/stimuli/faces/GenAI_faces/self_target.png,/Users/omertzuk/code/EEG/vMMR_EEG_PsychoPy_experiment/stimuli/faces/GenAI_faces/morph50_target.png
3,4,DS,DEATH,SELF,הֶסְפֵּד,4,0,-1,/Users/omertzuk/code/EEG/vMMR_EEG_PsychoPy_experiment/stimuli/faces/GenAI_faces/self.png,/Users/omertzuk/code/EEG/vMMR_EEG_PsychoPy_experiment/stimuli/faces/GenAI_faces/morph50.png,/Users/omertzuk/code/EEG/vMMR_EEG_PsychoPy_experiment/stimuli/faces/GenAI_faces/self_target.png,/Users/omertzuk/code/EEG/vMMR_EEG_PsychoPy_experiment/stimuli/faces/GenAI_faces/morph50_target.png
3,5,NS,NEGATIVE,SELF,זִלְזוּל,6,0,-1,/Users/omertzuk/code/EEG/vMMR_EEG_PsychoPy_experiment/stimuli/faces/GenAI_faces/self.png,/Users/omertzuk/code/EEG/vMMR_EEG_PsychoPy_experiment/stimuli/faces/GenAI_faces/morph50.png,/Users/omertzuk/code/EEG/vMMR_EEG_PsychoPy_experiment/stimuli/faces/GenAI_faces/self_target.png,/Users/omertzuk/code/EEG/vMMR_EEG_PsychoPy_experiment/stimuli/faces/GenAI_faces/morph50_target.png
3,6,NO,NEGATIVE,OTHER,רַעַשׁ,6,0,-1,/Users/omertzuk/code/EEG/vMMR_EEG_PsychoPy_experiment/stimuli/faces/GenAI_faces/other.png,/Users/omertzuk/code/EEG/vMMR_EEG_PsychoPy_experiment/stimuli/faces/GenAI_faces/morph50.png,/Users/omertzuk/code/EEG/vMMR_EEG_PsychoPy_experiment/stimuli/faces/GenAI_faces/other_target.png,/Users/omertzuk/code/EEG/vMMR_EEG_PsychoPy_experiment/stimuli/faces/GenAI_faces/morph50_target.png
3,7,DS,DEATH,SELF,גְסִיסָה,6,0,-1,/Users/omertzuk/code/EEG/vMMR_EEG_PsychoPy_experiment/stimuli/faces/GenAI_faces/self.png,/Users/omertzuk/code/EEG/vMMR_EEG_PsychoPy_experiment/stimuli/faces/GenAI_faces/morph50.png,/Users/omertzuk/code/EEG/vMMR_EEG_PsychoPy_experiment/stimuli/faces/GenAI_faces/self_target.png,/Users/omertzuk/code/EEG/vMMR_EEG_PsychoPy_experiment/stimuli/faces/GenAI_faces/morph50_target.png
3,8,NS,NEGATIVE,SELF,מוּגְלָה,4,0,-1,/Users/omertzuk/code/EEG/vMMR_EEG_PsychoPy_experiment/stimuli/faces/GenAI_faces/self.png,/Users/omertzuk/code/EEG/vMMR_EEG_PsychoPy_experiment/stimuli/faces/GenAI_faces/morph50.png,/Users/omertzuk/code/EEG/vMMR_EEG_PsychoPy_experiment/stimuli/faces/GenAI_faces/self_target.png,/Users/omertzuk/code/EEG/vMMR_EEG_PsychoPy_experiment/stimuli/faces/GenAI_faces/morph50_target.png
3,9,NO,NEGATIVE,OTHER,זוֹנָה,4,0,-1,/Users/omertzuk/code/EEG/vMMR_EEG_PsychoPy_experiment/stimuli/faces/GenAI_faces/other.png,/Users/omertzuk/code/EEG/vMMR_EEG_PsychoPy_experiment/stimuli/faces/GenAI_faces/morph50.png,/Users/omertzuk/code/EEG/vMMR_EEG_PsychoPy_experiment/stimuli/faces/GenAI_faces/other_target.png,/Users/omertzuk/code/EEG/vMMR_EEG_PsychoPy_experiment/stimuli/faces/GenAI_faces/morph50_target.png
3,10,NS,NEGATIVE,SELF,שׁוֹחַד,3,0,-1,/Users/omertzuk/code/EEG/vMMR_EEG_PsychoPy_experiment/stimuli/faces/GenAI_faces/self.png,/Users/omertzuk/code/EEG/vMMR_EEG_PsychoPy_experiment/stimuli/faces/GenAI_faces/morph50.png,/Users/omertzuk/code/EEG/vMMR_EEG_PsychoPy_experiment/stimuli/faces/GenAI_faces/self_target.png,/Users/omertzuk/code/EEG/vMMR_EEG_PsychoPy_experiment/stimuli/faces/GenAI_faces/morph50_target.png
3,11,NS,NEGATIVE,SELF,עָרִיצוּת,6,0,-1,/Users/omertzuk/code/EEG/vMMR_EEG_PsychoPy_experiment/stimuli/faces/GenAI_faces/self.png,/Users/omertzuk/code/EEG/vMMR_EEG_PsychoPy_experiment/stimuli/faces/GenAI_faces/morph50.png,/Users/omertzuk/code/EEG/vMMR_EEG_PsychoPy_experiment/stimuli/faces/GenAI_faces/self_target.png,/Users/omertzuk/code/EEG/vMMR_EEG_PsychoPy_experiment/stimuli/faces/GenAI_faces/morph50_target.png
3,12,DO,DEATH,OTHER,כִימוֹתֶרַפְּיָה,4,1,5,/Users/omertzuk/code/EEG/vMMR_EEG_PsychoPy_experiment/stimuli/faces/GenAI_faces/other.png,/Users/omertzuk/code/EEG/vMMR_EEG_PsychoPy_experiment/stimuli/faces/GenAI_faces/morph50.png,/Users/omertzuk/code/EEG/vMMR_EEG_PsychoPy_experiment/stimuli/faces/GenAI_faces/other_target.png,/Users/omertzuk/code/EEG/vMMR_EEG_PsychoPy_experiment/stimuli/faces/GenAI_faces/morph50_target.png
3,13,DS,DEATH,SELF,תְמוּתָה,5,0,-1,/Users/omertzuk/code/EEG/vMMR_EEG_PsychoPy_experiment/stimuli/faces/GenAI_faces/self.png,/Users/omertzuk/code/EEG/vMMR_EEG_PsychoPy_experiment/stimuli/faces/GenAI_faces/morph50.png,/Users/omertzuk/code/EEG/vMMR_EEG_PsychoPy_experiment/stimuli/faces/GenAI_faces/self_target.png,/Users/omertzuk/code/EEG/vMMR_EEG_PsychoPy_experiment/stimuli/faces/GenAI_faces/morph50_target.png
3,14,DS,DEATH,SELF,חֲנִיטָה,3,0,-1,/Users/omertzuk/code/EEG/vMMR_EEG_PsychoPy_experiment/stimuli/faces/GenAI_faces/self.png,/Users/omertzuk/code/EEG/vMMR_EEG_PsychoPy_experiment/stimuli/faces/GenAI_faces/morph50.png,/Users/omertzuk/code/EEG/vMMR_EEG_PsychoPy_experiment/stimuli/faces/GenAI_faces/self_target.png,/Users/omertzuk/code/EEG/vMMR_EEG_PsychoPy_experiment/stimuli/faces/GenAI_faces/morph50_target.png
3,15,NO,NEGATIVE,OTHER,עֲלוּקָה,3,1,4,/Users/omertzuk/code/EEG/vMMR_EEG_PsychoPy_experiment/stimuli/faces/GenAI_faces/other.png,/Users/omertzuk/code/EEG/vMMR_EEG_PsychoPy_experiment/stimuli/faces/GenAI_faces/morph50.png,/Users/omertzuk/code/EEG/vMMR_EEG_PsychoPy_experiment/stimuli/faces/GenAI_faces/other_target.png,/Users/omertzuk/code/EEG/vMMR_EEG_PsychoPy_experiment/stimuli/faces/GenAI_faces/morph50_target.png
3,16,NO,NEGATIVE,OTHER,נְשִׁיכָה,5,1,4,/Users/omertzuk/code/EEG/vMMR_EEG_PsychoPy_experiment/stimuli/faces/GenAI_faces/other.png,/Users/omertzuk/code/EEG/vMMR_EEG_PsychoPy_experiment/stimuli/faces/GenAI_faces/morph50.png,/Users/omertzuk/code/EEG/vMMR_EEG_PsychoPy_experiment/stimuli/faces/GenAI_faces/other_target.png,/Users/omertzuk/code/EEG/vMMR_EEG_PsychoPy_experiment/stimuli/faces/GenAI_faces/morph50_target.png
3,17,NS,NEGATIVE,SELF,מִיאוּס,5,0,-1,/Users/omertzuk/code/EEG/vMMR_EEG_PsychoPy_experiment/stimuli/faces/GenAI_faces/self.png,/Users/omertzuk/code/EEG/vMMR_EEG_PsychoPy_experiment/stimuli/faces/GenAI_faces/morph50.png,/Users/omertzuk/code/EEG/vMMR_EEG_PsychoPy_experiment/stimuli/faces/GenAI_faces/self_target.png,/Users/omertzuk/code/EEG/vMMR_EEG_PsychoPy_experiment/stimuli/faces/GenAI_faces/morph50_target.png
3,18,DO,DEATH,OTHER,גִ'יהַאד,4,0,-1,/Users/omertzuk/code/EEG/vMMR_EEG_PsychoPy_experiment/stimuli/faces/GenAI_faces/other.png,/Users/omertzuk/code/EEG/vMMR_EEG_PsychoPy_experiment/stimuli/faces/GenAI_faces/morph50.png,/Users/omertzuk/code/EEG/vMMR_EEG_PsychoPy_experiment/stimuli/faces/GenAI_faces/other_target.png,/Users/omertzuk/code/EEG/vMMR_EEG_PsychoPy_experiment/stimuli/faces/GenAI_faces/morph50_target.png
3,19,NO,NEGATIVE,OTHER,עָרִיץ,5,0,-1,/Users/omertzuk/code/EEG/vMMR_EEG_PsychoPy_experiment/stimuli/faces/GenAI_faces/other.png,/Users/omertzuk/code/EEG/vMMR_EEG_PsychoPy_experiment/stimuli/faces/GenAI_faces/morph50.png,/Users/omertzuk/code/EEG/vMMR_EEG_PsychoPy_experiment/stimuli/faces/GenAI_faces/other_target.png,/Users/omertzuk/code/EEG/vMMR_EEG_PsychoPy_experiment/stimuli/faces/GenAI_faces/morph50_target.png
3,20,DS,DEATH,SELF,נְשָׁמָה,5,0,-1,/Users/omertzuk/code/EEG/vMMR_EEG_PsychoPy_experiment/stimuli/faces/GenAI_faces/self.png,/Users/omertzuk/code/EEG/vMMR_EEG_PsychoPy_experiment/stimuli/faces/GenAI_faces/morph50.png,/Users/omertzuk/code/EEG/vMMR_EEG_PsychoPy_experiment/stimuli/faces/GenAI_faces/self_target.png,/Users/omertzuk/code/EEG/vMMR_EEG_PsychoPy_experiment/stimuli/faces/GenAI_faces/morph50_target.png
3,21,DS,DEATH,SELF,רַעַל,5,0,-1,/Users/omertzuk/code/EEG/vMMR_EEG_PsychoPy_experiment/stimuli/faces/GenAI_faces/self.png,/Users/omertzuk/code/EEG/vMMR_EEG_PsychoPy_experiment/stimuli/faces/GenAI_faces/morph50.png,/Users/omertzuk/code/EEG/vMMR_EEG_PsychoPy_experiment/stimuli/faces/GenAI_faces/self_target.png,/Users/omertzuk/code/EEG/vMMR_EEG_PsychoPy_experiment/stimuli/faces/GenAI_faces/morph50_target.png
3,22,NS,NEGATIVE,SELF,מַקָק,5,1,5,/Users/omertzuk/code/EEG/vMMR_EEG_PsychoPy_experiment/stimuli/faces/GenAI_faces/self.png,/Users/omertzuk/code/EEG/vMMR_EEG_PsychoPy_experiment/stimuli/faces/GenAI_faces/morph50.png,/Users/omertzuk/code/EEG/vMMR_EEG_PsychoPy_experiment/stimuli/faces/GenAI_faces/self_target.png,/Users/omertzuk/code/EEG/vMMR_EEG_PsychoPy_experiment/stimuli/faces/GenAI_faces/morph50_target.png
3,23,NO,NEGATIVE,OTHER,רְעָלָה,4,1,5,/Users/omertzuk/code/EEG/vMMR_EEG_PsychoPy_experiment/stimuli/faces/GenAI_faces/other.png,/Users/omertzuk/code/EEG/vMMR_EEG_PsychoPy_experiment/stimuli/faces/GenAI_faces/morph50.png,/Users/omertzuk/code/EEG/vMMR_EEG_PsychoPy_experiment/stimuli/faces/GenAI_faces/other_target.png,/Users/omertzuk/code/EEG/vMMR_EEG_PsychoPy_experiment/stimuli/faces/GenAI_faces/morph50_target.png
3,24,DS,DEATH,SELF,פּוֹגְרוֹם,5,0,-1,/Users/omertzuk/code/EEG/vMMR_EEG_PsychoPy_experiment/stimuli/faces/GenAI_faces/self.png,/Users/omertzuk/code/EEG/vMMR_EEG_PsychoPy_experiment/stimuli/faces/GenAI_faces/morph50.png,/Users/omertzuk/code/EEG/vMMR_EEG_PsychoPy_experiment/stimuli/faces/GenAI_faces/self_target.png,/Users/omertzuk/code/EEG/vMMR_EEG_PsychoPy_experiment/stimuli/faces/GenAI_faces/morph50_target.png
3,25,DO,DEATH,OTHER,הִתְאַבְּדוּת,5,0,-1,/Users/omertzuk/code/EEG/vMMR_EEG_PsychoPy_experiment/stimuli/faces/GenAI_faces/other.png,/Users/omertzuk/code/EEG/vMMR_EEG_PsychoPy_experiment/stimuli/faces/GenAI_faces/morph50.png,/Users/omertzuk/code/EEG/vMMR_EEG_PsychoPy_experiment/stimuli/faces/GenAI_faces/other_target.png,/Users/omertzuk/code/EEG/vMMR_EEG_PsychoPy_experiment/stimuli/faces/GenAI_faces/morph50_target.png
3,26,NS,NEGATIVE,SELF,שׁוֹט,6,0,-1,/Users/omertzuk/code/EEG/vMMR_EEG_PsychoPy_experiment/stimuli/faces/GenAI_faces/self.png,/Users/omertzuk/code/EEG/vMMR_EEG_PsychoPy_experiment/stimuli/faces/GenAI_faces/morph50.png,/Users/omertzuk/code/EEG/vMMR_EEG_PsychoPy_experiment/stimuli/faces/GenAI_faces/self_target.png,/Users/omertzuk/code/EEG/vMMR_EEG_PsychoPy_experiment/stimuli/faces/GenAI_faces/morph50_target.png
3,27,DO,DEATH,OTHER,סַרְטָן,3,0,-1,/Users/omertzuk/code/EEG/vMMR_EEG_PsychoPy_experiment/stimuli/faces/GenAI_faces/other.png,/Users/omertzuk/code/EEG/vMMR_EEG_PsychoPy_experiment/stimuli/faces/GenAI_faces/morph50.png,/Users/omertzuk/code/EEG/vMMR_EEG_PsychoPy_experiment/stimuli/faces/GenAI_faces/other_target.png,/Users/omertzuk/code/EEG/vMMR_EEG_PsychoPy_experiment/stimuli/faces/GenAI_faces/morph50_target.png
3,28,DS,DEATH,SELF,לְוָיָה,6,0,-1,/Users/omertzuk/code/EEG/vMMR_EEG_PsychoPy_experiment/stimuli/faces/GenAI_faces/self.png,/Users/omertzuk/code/EEG/vMMR_EEG_PsychoPy_experiment/stimuli/faces/GenAI_faces/morph50.png,/Users/omertzuk/code/EEG/vMMR_EEG_PsychoPy_experiment/stimuli/faces/GenAI_faces/self_target.png,/Users/omertzuk/code/EEG/vMMR_EEG_PsychoPy_experiment/stimuli/faces/GenAI_faces/morph50_target.png
3,29,NO,NEGATIVE,OTHER,זֵיעָה,3,0,-1,/Users/omertzuk/code/EEG/vMMR_EEG_PsychoPy_experiment/stimuli/faces/GenAI_faces/other.png,/Users/omertzuk/code/EEG/vMMR_EEG_PsychoPy_experiment/stimuli/faces/GenAI_faces/morph50.png,/Users/omertzuk/code/EEG/vMMR_EEG_PsychoPy_experiment/stimuli/faces/GenAI_faces/other_target.png,/Users/omertzuk/code/EEG/vMMR_EEG_PsychoPy_experiment/stimuli/faces/GenAI_faces/morph50_target.png
3,30,NO,NEGATIVE,OTHER,הַשְׁפָּלָה,3,1,1,/Users/omertzuk/code/EEG/vMMR_EEG_PsychoPy_experiment/stimuli/faces/GenAI_faces/other.png,/Users/omertzuk/code/EEG/vMMR_EEG_PsychoPy_experiment/stimuli/faces/GenAI_faces/morph50.png,/Users/omertzuk/code/EEG/vMMR_EEG_PsychoPy_experiment/stimuli/faces/GenAI_faces/other_target.png,/Users/omertzuk/code/EEG/vMMR_EEG_PsychoPy_experiment/stimuli/faces/GenAI_faces/morph50_target.png
3,31,DS,DEATH,SELF,טְבִיעָה,6,0,-1,/Users/omertzuk/code/EEG/vMMR_EEG_PsychoPy_experiment/stimuli/faces/GenAI_faces/self.png,/Users/omertzuk/code/EEG/vMMR_EEG_PsychoPy_experiment/stimuli/faces/GenAI_faces/morph50.png,/Users/omertzuk/code/EEG/vMMR_EEG_PsychoPy_experiment/stimuli/faces/GenAI_faces/self_target.png,/Users/omertzuk/code/EEG/vMMR_EEG_PsychoPy_experiment/stimuli/faces/GenAI_faces/morph50_target.png
3,32,DS,DEATH,SELF,גְּוִיָה,6,1,5,/Users/omertzuk/code/EEG/vMMR_EEG_PsychoPy_experiment/stimuli/faces/GenAI_faces/self.png,/Users/omertzuk/code/EEG/vMMR_EEG_PsychoPy_experiment/stimuli/faces/GenAI_faces/morph50.png,/Users/omertzuk/code/EEG/vMMR_EEG_PsychoPy_experiment/stimuli/faces/GenAI_faces/self_target.png,/Users/omertzuk/code/EEG/vMMR_EEG_PsychoPy_experiment/stimuli/faces/GenAI_faces/morph50_target.png
3,33,DO,DEATH,OTHER,דְּוַי,4,0,-1,/Users/omertzuk/code/EEG/vMMR_EEG_PsychoPy_experiment/stimuli/faces/GenAI_faces/other.png,/Users/omertzuk/code/EEG/vMMR_EEG_PsychoPy_experiment/stimuli/faces/GenAI_faces/morph50.png,/Users/omertzuk/code/EEG/vMMR_EEG_PsychoPy_experiment/stimuli/faces/GenAI_faces/other_target.png,/Users/omertzuk/code/EEG/vMMR_EEG_PsychoPy_experiment/stimuli/faces/GenAI_faces/morph50_target.png
3,34,DS,DEATH,SELF,שְׁכוֹל,4,0,-1,/Users/omertzuk/code/EEG/vMMR_EEG_PsychoPy_experiment/stimuli/faces/GenAI_faces/self.png,/Users/omertzuk/code/EEG/vMMR_EEG_PsychoPy_experiment/stimuli/faces/GenAI_faces/morph50.png,/Users/omertzuk/code/EEG/vMMR_EEG_PsychoPy_experiment/stimuli/faces/GenAI_faces/self_target.png,/Users/omertzuk/code/EEG/vMMR_EEG_PsychoPy_experiment/stimuli/faces/GenAI_faces/morph50_target.png
3,35,NO,NEGATIVE,OTHER,כָּאפִיָה,4,0,-1,/Users/omertzuk/code/EEG/vMMR_EEG_PsychoPy_experiment/stimuli/faces/GenAI_faces/other.png,/Users/omertzuk/code/EEG/vMMR_EEG_PsychoPy_experiment/stimuli/faces/GenAI_faces/morph50.png,/Users/omertzuk/code/EEG/vMMR_EEG_PsychoPy_experiment/stimuli/faces/GenAI_faces/other_target.png,/Users/omertzuk/code/EEG/vMMR_EEG_PsychoPy_experiment/stimuli/faces/GenAI_faces/morph50_target.png
3,36,DO,DEATH,OTHER,אֵיידְס,5,0,-1,/Users/omertzuk/code/EEG/vMMR_EEG_PsychoPy_experiment/stimuli/faces/GenAI_faces/other.png,/Users/omertzuk/code/EEG/vMMR_EEG_PsychoPy_experiment/stimuli/faces/GenAI_faces/morph50.png,/Users/omertzuk/code/EEG/vMMR_EEG_PsychoPy_experiment/stimuli/faces/GenAI_faces/other_target.png,/Users/omertzuk/code/EEG/vMMR_EEG_PsychoPy_experiment/stimuli/faces/GenAI_faces/morph50_target.png
3,37,DO,DEATH,OTHER,קְבוּרָה,3,0,-1,/Users/omertzuk/code/EEG/vMMR_EEG_PsychoPy_experiment/stimuli/faces/GenAI_faces/other.png,/Users/omertzuk/code/EEG/vMMR_EEG_PsychoPy_experiment/stimuli/faces/GenAI_faces/morph50.png,/Users/omertzuk/code/EEG/vMMR_EEG_PsychoPy_experiment/stimuli/faces/GenAI_faces/other_target.png,/Users/omertzuk/code/EEG/vMMR_EEG_PsychoPy_experiment/stimuli/faces/GenAI_faces/morph50_target.png
3,38,DS,DEATH,SELF,טֶבַח,4,0,-1,/Users/omertzuk/code/EEG/vMMR_EEG_PsychoPy_experiment/stimuli/faces/GenAI_faces/self.png,/Users/omertzuk/code/EEG/vMMR_EEG_PsychoPy_experiment/stimuli/faces/GenAI_faces/morph50.png,/Users/omertzuk/code/EEG/vMMR_EEG_PsychoPy_experiment/stimuli/faces/GenAI_faces/self_target.png,/Users/omertzuk/code/EEG/vMMR_EEG_PsychoPy_experiment/stimuli/faces/GenAI_faces/morph50_target.png
3,39,NO,NEGATIVE,OTHER,גֶּזֶל,3,0,-1,/Users/omertzuk/code/EEG/vMMR_EEG_PsychoPy_experiment/stimuli/faces/GenAI_faces/other.png,/Users/omertzuk/code/EEG/vMMR_EEG_PsychoPy_experiment/stimuli/faces/GenAI_faces/morph50.png,/Users/omertzuk/code/EEG/vMMR_EEG_PsychoPy_experiment/stimuli/faces/GenAI_faces/other_target.png,/Users/omertzuk/code/EEG/vMMR_EEG_PsychoPy_experiment/stimuli/faces/GenAI_faces/morph50_target.png
3,40,DO,DEATH,OTHER,אֵבֶל,6,0,-1,/Users/omertzuk/code/EEG/vMMR_EEG_PsychoPy_experiment/stimuli/faces/GenAI_faces/other.png,/Users/omertzuk/code/EEG/vMMR_EEG_PsychoPy_experiment/stimuli/faces/GenAI_faces/morph50.png,/Users/omertzuk/code/EEG/vMMR_EEG_PsychoPy_experiment/stimuli/faces/GenAI_faces/other_target.png,/Users/omertzuk/code/EEG/vMMR_EEG_PsychoPy_experiment/stimuli/faces/GenAI_faces/morph50_target.png
3,41,NS,NEGATIVE,SELF,בְּחִילָה,5,1,2,/Users/omertzuk/code/EEG/vMMR_EEG_PsychoPy_experiment/stimuli/faces/GenAI_faces/self.png,/Users/omertzuk/code/EEG/vMMR_EEG_PsychoPy_experiment/stimuli/faces/GenAI_faces/morph50.png,/Users/omertzuk/code/EEG/vMMR_EEG_PsychoPy_experiment/stimuli/faces/GenAI_faces/self_target.png,/Users/omertzuk/code/EEG/vMMR_EEG_PsychoPy_experiment/stimuli/faces/GenAI_faces/morph50_target.png
3,42,NS,NEGATIVE,SELF,סוֹהֵר,3,0,-1,/Users/omertzuk/code/EEG/vMMR_EEG_PsychoPy_experiment/stimuli/faces/GenAI_faces/self.png,/Users/omertzuk/code/EEG/vMMR_EEG_PsychoPy_experiment/stimuli/faces/GenAI_faces/morph50.png,/Users/omertzuk/code/EEG/vMMR_EEG_PsychoPy_experiment/stimuli/faces/GenAI_faces/self_target.png,/Users/omertzuk/code/EEG/vMMR_EEG_PsychoPy_experiment/stimuli/faces/GenAI_faces/morph50_target.png
3,43,NS,NEGATIVE,SELF,רֶפֶשׁ,3,0,-1,/Users/omertzuk/code/EEG/vMMR_EEG_PsychoPy_experiment/stimuli/faces/GenAI_faces/self.png,/Users/omertzuk/code/EEG/vMMR_EEG_PsychoPy_experiment/stimuli/faces/GenAI_faces/morph50.png,/Users/omertzuk/code/EEG/vMMR_EEG_PsychoPy_experiment/stimuli/faces/GenAI_faces/self_target.png,/Users/omertzuk/code/EEG/vMMR_EEG_PsychoPy_experiment/stimuli/faces/GenAI_faces/morph50_target.png
3,44,NS,NEGATIVE,SELF,הַכָּאָה,3,0,-1,/Users/omertzuk/code/EEG/vMMR_EEG_PsychoPy_experiment/stimuli/faces/GenAI_faces/self.png,/Users/omertzuk/code/EEG/vMMR_EEG_PsychoPy_experiment/stimuli/faces/GenAI_faces/morph50.png,/Users/omertzuk/code/EEG/vMMR_EEG_PsychoPy_experiment/stimuli/faces/GenAI_faces/self_target.png,/Users/omertzuk/code/EEG/vMMR_EEG_PsychoPy_experiment/stimuli/faces/GenAI_faces/morph50_target.png
3,45,NO,NEGATIVE,OTHER,תִּיעוּב,6,0,-1,/Users/omertzuk/code/EEG/vMMR_EEG_PsychoPy_experiment/stimuli/faces/GenAI_faces/other.png,/Users/omertzuk/code/EEG/vMMR_EEG_PsychoPy_experiment/stimuli/faces/GenAI_faces/morph50.png,/Users/omertzuk/code/EEG/vMMR_EEG_PsychoPy_experiment/stimuli/faces/GenAI_faces/other_target.png,/Users/omertzuk/code/EEG/vMMR_EEG_PsychoPy_experiment/stimuli/faces/GenAI_faces/morph50_target.png
3,46,NS,NEGATIVE,SELF,גְנֵיבָה,4,0,-1,/Users/omertzuk/code/EEG/vMMR_EEG_PsychoPy_experiment/stimuli/faces/GenAI_faces/self.png,/Users/omertzuk/code/EEG/vMMR_EEG_PsychoPy_experiment/stimuli/faces/GenAI_faces/morph50.png,/Users/omertzuk/code/EEG/vMMR_EEG_PsychoPy_experiment/stimuli/faces/GenAI_faces/self_target.png,/Users/omertzuk/code/EEG/vMMR_EEG_PsychoPy_experiment/stimuli/faces/GenAI_faces/morph50_target.png
3,47,NS,NEGATIVE,SELF,זוֹנָה,5,1,6,/Users/omertzuk/code/EEG/vMMR_EEG_PsychoPy_experiment/stimuli/faces/GenAI_faces/self.png,/Users/omertzuk/code/EEG/vMMR_EEG_PsychoPy_experiment/stimuli/faces/GenAI_faces/morph50.png,/Users/omertzuk/code/EEG/vMMR_EEG_PsychoPy_experiment/stimuli/faces/GenAI_faces/self_target.png,/Users/omertzuk/code/EEG/vMMR_EEG_PsychoPy_experiment/stimuli/faces/GenAI_faces/morph50_target.png
3,48,NS,NEGATIVE,SELF,רֶפֶשׁ,6,0,-1,/Users/omertzuk/code/EEG/vMMR_EEG_PsychoPy_experiment/stimuli/faces/GenAI_faces/self.png,/Users/omertzuk/code/EEG/vMMR_EEG_PsychoPy_experiment/stimuli/faces/GenAI_faces/morph50.png,/Users/omertzuk/code/EEG/vMMR_EEG_PsychoPy_experiment/stimuli/faces/GenAI_faces/self_target.png,/Users/omertzuk/code/EEG/vMMR_EEG_PsychoPy_experiment/stimuli/faces/GenAI_faces/morph50_target.png
3,49,NO,NEGATIVE,OTHER,הַכָּאָה,5,0,-1,/Users/omertzuk/code/EEG/vMMR_EEG_PsychoPy_experiment/stimuli/faces/GenAI_faces/other.png,/Users/omertzuk/code/EEG/vMMR_EEG_PsychoPy_experiment/stimuli/faces/GenAI_faces/morph50.png,/Users/omertzuk/code/EEG/vMMR_EEG_PsychoPy_experiment/stimuli/faces/GenAI_faces/other_target.png,/Users/omertzuk/code/EEG/vMMR_EEG_PsychoPy_experiment/stimuli/faces/GenAI_faces/morph50_target.png
3,50,NO,NEGATIVE,OTHER,שִׁפְחָה,5,0,-1,/Users/omertzuk/code/EEG/vMMR_EEG_PsychoPy_experiment/stimuli/faces/GenAI_faces/other.png,/Users/omertzuk/code/EEG/vMMR_EEG_PsychoPy_experiment/stimuli/faces/GenAI_faces/morph50.png,/Users/omertzuk/code/EEG/vMMR_EEG_PsychoPy_experiment/stimuli/faces/GenAI_faces/other_target.png,/Users/omertzuk/code/EEG/vMMR_EEG_PsychoPy_experiment/stimuli/faces/GenAI_faces/morph50_target.png
3,51,DO,DEATH,OTHER,אַזְכָּרָה,4,0,-1,/Users/omertzuk/code/EEG/vMMR_EEG_PsychoPy_experiment/stimuli/faces/GenAI_faces/other.png,/Users/omertzuk/code/EEG/vMMR_EEG_PsychoPy_experiment/stimuli/faces/GenAI_faces/morph50.png,/Users/omertzuk/code/EEG/vMMR_EEG_PsychoPy_experiment/stimuli/faces/GenAI_faces/other_target.png,/Users/omertzuk/code/EEG/vMMR_EEG_PsychoPy_experiment/stimuli/faces/GenAI_faces/morph50_target.png
3,52,NO,NEGATIVE,OTHER,רַעַשׁ,5,0,-1,/Users/omertzuk/code/EEG/vMMR_EEG_PsychoPy_experiment/stimuli/faces/GenAI_faces/other.png,/Users/omertzuk/code/EEG/vMMR_EEG_PsychoPy_experiment/stimuli/faces/GenAI_faces/morph50.png,/Users/omertzuk/code/EEG/vMMR_EEG_PsychoPy_experiment/stimuli/faces/GenAI_faces/other_target.png,/Users/omertzuk/code/EEG/vMMR_EEG_PsychoPy_experiment/stimuli/faces/GenAI_faces/morph50_target.png
3,53,DO,DEATH,OTHER,פְּטִירָה,4,0,-1,/Users/omertzuk/code/EEG/vMMR_EEG_PsychoPy_experiment/stimuli/faces/GenAI_faces/other.png,/Users/omertzuk/code/EEG/vMMR_EEG_PsychoPy_experiment/stimuli/faces/GenAI_faces/morph50.png,/Users/omertzuk/code/EEG/vMMR_EEG_PsychoPy_experiment/stimuli/faces/GenAI_faces/other_target.png,/Users/omertzuk/code/EEG/vMMR_EEG_PsychoPy_experiment/stimuli/faces/GenAI_faces/morph50_target.png
3,54,NO,NEGATIVE,OTHER,הַטְרָדָה,4,0,-1,/Users/omertzuk/code/EEG/vMMR_EEG_PsychoPy_experiment/stimuli/faces/GenAI_faces/other.png,/Users/omertzuk/code/EEG/vMMR_EEG_PsychoPy_experiment/stimuli/faces/GenAI_faces/morph50.png,/Users/omertzuk/code/EEG/vMMR_EEG_PsychoPy_experiment/stimuli/faces/GenAI_faces/other_target.png,/Users/omertzuk/code/EEG/vMMR_EEG_PsychoPy_experiment/stimuli/faces/GenAI_faces/morph50_target.png
3,55,NS,NEGATIVE,SELF,עֲלוּקָה,3,1,1,/Users/omertzuk/code/EEG/vMMR_EEG_PsychoPy_experiment/stimuli/faces/GenAI_faces/self.png,/Users/omertzuk/code/EEG/vMMR_EEG_PsychoPy_experiment/stimuli/faces/GenAI_faces/morph50.png,/Users/omertzuk/code/EEG/vMMR_EEG_PsychoPy_experiment/stimuli/faces/GenAI_faces/self_target.png,/Users/omertzuk/code/EEG/vMMR_EEG_PsychoPy_experiment/stimuli/faces/GenAI_faces/morph50_target.png
3,56,NO,NEGATIVE,OTHER,עָרִיץ,5,0,-1,/Users/omertzuk/code/EEG/vMMR_EEG_PsychoPy_experiment/stimuli/faces/GenAI_faces/other.png,/Users/omertzuk/code/EEG/vMMR_EEG_PsychoPy_experiment/stimuli/faces/GenAI_faces/morph50.png,/Users/omertzuk/code/EEG/vMMR_EEG_PsychoPy_experiment/stimuli/faces/GenAI_faces/other_target.png,/Users/omertzuk/code/EEG/vMMR_EEG_PsychoPy_experiment/stimuli/faces/GenAI_faces/morph50_target.png
3,57,NS,NEGATIVE,SELF,זֵיעָה,3,1,4,/Users/omertzuk/code/EEG/vMMR_EEG_PsychoPy_experiment/stimuli/faces/GenAI_faces/self.png,/Users/omertzuk/code/EEG/vMMR_EEG_PsychoPy_experiment/stimuli/faces/GenAI_faces/morph50.png,/Users/omertzuk/code/EEG/vMMR_EEG_PsychoPy_experiment/stimuli/faces/GenAI_faces/self_target.png,/Users/omertzuk/code/EEG/vMMR_EEG_PsychoPy_experiment/stimuli/faces/GenAI_faces/morph50_target.png
3,58,NO,NEGATIVE,OTHER,נִיפּוּץ,3,0,-1,/Users/omertzuk/code/EEG/vMMR_EEG_PsychoPy_experiment/stimuli/faces/GenAI_faces/other.png,/Users/omertzuk/code/EEG/vMMR_EEG_PsychoPy_experiment/stimuli/faces/GenAI_faces/morph50.png,/Users/omertzuk/code/EEG/vMMR_EEG_PsychoPy_experiment/stimuli/faces/GenAI_faces/other_target.png,/Users/omertzuk/code/EEG/vMMR_EEG_PsychoPy_experiment/stimuli/faces/GenAI_faces/morph50_target.png
3,59,NS,NEGATIVE,SELF,מוּגְלָה,3,0,-1,/Users/omertzuk/code/EEG/vMMR_EEG_PsychoPy_experiment/stimuli/faces/GenAI_faces/self.png,/Users/omertzuk/code/EEG/vMMR_EEG_PsychoPy_experiment/stimuli/faces/GenAI_faces/morph50.png,/Users/omertzuk/code/EEG/vMMR_EEG_PsychoPy_experiment/stimuli/faces/GenAI_faces/self_target.png,/Users/omertzuk/code/EEG/vMMR_EEG_PsychoPy_experiment/stimuli/faces/GenAI_faces/morph50_target.png
3,60,NO,NEGATIVE,OTHER,סוֹהֵר,6,1,1,/Users/omertzuk/code/EEG/vMMR_EEG_PsychoPy_experiment/stimuli/faces/GenAI_faces/other.png,/Users/omertzuk/code/EEG/vMMR_EEG_PsychoPy_experiment/stimuli/faces/GenAI_faces/morph50.png,/Users/omertzuk/code/EEG/vMMR_EEG_PsychoPy_experiment/stimuli/faces/GenAI_faces/other_target.png,/Users/omertzuk/code/EEG/vMMR_EEG_PsychoPy_experiment/stimuli/faces/GenAI_faces/morph50_target.png
3,61,NS,NEGATIVE,SELF,הַשְׁפָּלָה,4,0,-1,/Users/omertzuk/code/EEG/vMMR_EEG_PsychoPy_experiment/stimuli/faces/GenAI_faces/self.png,/Users/omertzuk/code/EEG/vMMR_EEG_PsychoPy_experiment/stimuli/faces/GenAI_faces/morph50.png,/Users/omertzuk/code/EEG/vMMR_EEG_PsychoPy_experiment/stimuli/faces/GenAI_faces/self_target.png,/Users/omertzuk/code/EEG/vMMR_EEG_PsychoPy_experiment/stimuli/faces/GenAI_faces/morph50_target.png
3,62,DO,DEATH,OTHER,גִ'יהַאד,5,0,-1,/Users/omertzuk/code/EEG/vMMR_EEG_PsychoPy_experiment/stimuli/faces/GenAI_faces/other.png,/Users/omertzuk/code/EEG/vMMR_EEG_PsychoPy_experiment/stimuli/faces/GenAI_faces/morph50.png,/Users/omertzuk/code/EEG/vMMR_EEG_PsychoPy_experiment/stimuli/faces/GenAI_faces/other_target.png,/Users/omertzuk/code/EEG/vMMR_EEG_PsychoPy_experiment/stimuli/faces/GenAI_faces/morph50_target.png
3,63,NO,NEGATIVE,OTHER,גִילוּי עֲרָיוֹת,4,1,1,/Users/omertzuk/code/EEG/vMMR_EEG_PsychoPy_experiment/stimuli/faces/GenAI_faces/other.png,/Users/omertzuk/code/EEG/vMMR_EEG_PsychoPy_experiment/stimuli/faces/GenAI_faces/morph50.png,/Users/omertzuk/code/EEG/vMMR_EEG_PsychoPy_experiment/stimuli/faces/GenAI_faces/other_target.png,/Users/omertzuk/code/EEG/vMMR_EEG_PsychoPy_experiment/stimuli/faces/GenAI_faces/morph50_target.png
3,64,NO,NEGATIVE,OTHER,מַקָק,5,0,-1,/Users/omertzuk/code/EEG/vMMR_EEG_PsychoPy_experiment/stimuli/faces/GenAI_faces/other.png,/Users/omertzuk/code/EEG/vMMR_EEG_PsychoPy_experiment/stimuli/faces/GenAI_faces/morph50.png,/Users/omertzuk/code/EEG/vMMR_EEG_PsychoPy_experiment/stimuli/faces/GenAI_faces/other_target.png,/Users/omertzuk/code/EEG/vMMR_EEG_PsychoPy_experiment/stimuli/faces/GenAI_faces/morph50_target.png
3,65,DS,DEATH,SELF,אֵיידְס,3,1,3,/Users/omertzuk/code/EEG/vMMR_EEG_PsychoPy_experiment/stimuli/faces/GenAI_faces/self.png,/Users/omertzuk/code/EEG/vMMR_EEG_PsychoPy_experiment/stimuli/faces/GenAI_faces/morph50.png,/Users/omertzuk/code/EEG/vMMR_EEG_PsychoPy_experiment/stimuli/faces/GenAI_faces/self_target.png,/Users/omertzuk/code/EEG/vMMR_EEG_PsychoPy_experiment/stimuli/faces/GenAI_faces/morph50_target.png
3,66,DS,DEATH,SELF,קֶבֶר,5,0,-1,/Users/omertzuk/code/EEG/vMMR_EEG_PsychoPy_experiment/stimuli/faces/GenAI_faces/self.png,/Users/omertzuk/code/EEG/vMMR_EEG_PsychoPy_experiment/stimuli/faces/GenAI_faces/morph50.png,/Users/omertzuk/code/EEG/vMMR_EEG_PsychoPy_experiment/stimuli/faces/GenAI_faces/self_target.png,/Users/omertzuk/code/EEG/vMMR_EEG_PsychoPy_experiment/stimuli/faces/GenAI_faces/morph50_target.png
3,67,DS,DEATH,SELF,אַזְכָּרָה,4,0,-1,/Users/omertzuk/code/EEG/vMMR_EEG_PsychoPy_experiment/stimuli/faces/GenAI_faces/self.png,/Users/omertzuk/code/EEG/vMMR_EEG_PsychoPy_experiment/stimuli/faces/GenAI_faces/morph50.png,/Users/omertzuk/code/EEG/vMMR_EEG_PsychoPy_experiment/stimuli/faces/GenAI_faces/self_target.png,/Users/omertzuk/code/EEG/vMMR_EEG_PsychoPy_experiment/stimuli/faces/GenAI_faces/morph50_target.png
3,68,NS,NEGATIVE,SELF,שֶׁקֶר,4,0,-1,/Users/omertzuk/code/EEG/vMMR_EEG_PsychoPy_experiment/stimuli/faces/GenAI_faces/self.png,/Users/omertzuk/code/EEG/vMMR_EEG_PsychoPy_experiment/stimuli/faces/GenAI_faces/morph50.png,/Users/omertzuk/code/EEG/vMMR_EEG_PsychoPy_experiment/stimuli/faces/GenAI_faces/self_target.png,/Users/omertzuk/code/EEG/vMMR_EEG_PsychoPy_experiment/stimuli/faces/GenAI_faces/morph50_target.png
3,69,NS,NEGATIVE,SELF,חֶלְאָה,4,0,-1,/Users/omertzuk/code/EEG/vMMR_EEG_PsychoPy_experiment/stimuli/faces/GenAI_faces/self.png,/Users/omertzuk/code/EEG/vMMR_EEG_PsychoPy_experiment/stimuli/faces/GenAI_faces/morph50.png,/Users/omertzuk/code/EEG/vMMR_EEG_PsychoPy_experiment/stimuli/faces/GenAI_faces/self_target.png,/Users/omertzuk/code/EEG/vMMR_EEG_PsychoPy_experiment/stimuli/faces/GenAI_faces/morph50_target.png
3,70,DS,DEATH,SELF,טֶבַח,6,0,-1,/Users/omertzuk/code/EEG/vMMR_EEG_PsychoPy_experiment/stimuli/faces/GenAI_faces/self.png,/Users/omertzuk/code/EEG/vMMR_EEG_PsychoPy_experiment/stimuli/faces/GenAI_faces/morph50.png,/Users/omertzuk/code/EEG/vMMR_EEG_PsychoPy_experiment/stimuli/faces/GenAI_faces/self_target.png,/Users/omertzuk/code/EEG/vMMR_EEG_PsychoPy_experiment/stimuli/faces/GenAI_faces/morph50_target.png
3,71,NS,NEGATIVE,SELF,מֵדוּזָה,5,0,-1,/Users/omertzuk/code/EEG/vMMR_EEG_PsychoPy_experiment/stimuli/faces/GenAI_faces/self.png,/Users/omertzuk/code/EEG/vMMR_EEG_PsychoPy_experiment/stimuli/faces/GenAI_faces/morph50.png,/Users/omertzuk/code/EEG/vMMR_EEG_PsychoPy_experiment/stimuli/faces/GenAI_faces/self_target.png,/Users/omertzuk/code/EEG/vMMR_EEG_PsychoPy_experiment/stimuli/faces/GenAI_faces/morph50_target.png
3,72,DO,DEATH,OTHER,מַצֵבָה,4,0,-1,/Users/omertzuk/code/EEG/vMMR_EEG_PsychoPy_experiment/stimuli/faces/GenAI_faces/other.png,/Users/omertzuk/code/EEG/vMMR_EEG_PsychoPy_experiment/stimuli/faces/GenAI_faces/morph50.png,/Users/omertzuk/code/EEG/vMMR_EEG_PsychoPy_experiment/stimuli/faces/GenAI_faces/other_target.png,/Users/omertzuk/code/EEG/vMMR_EEG_PsychoPy_experiment/stimuli/faces/GenAI_faces/morph50_target.png
3,73,NO,NEGATIVE,OTHER,סְכִיזוֹפְרֶנְיָה,3,0,-1,/Users/omertzuk/code/EEG/vMMR_EEG_PsychoPy_experiment/stimuli/faces/GenAI_faces/other.png,/Users/omertzuk/code/EEG/vMMR_EEG_PsychoPy_experiment/stimuli/faces/GenAI_faces/morph50.png,/Users/omertzuk/code/EEG/vMMR_EEG_PsychoPy_experiment/stimuli/faces/GenAI_faces/other_target.png,/Users/omertzuk/code/EEG/vMMR_EEG_PsychoPy_experiment/stimuli/faces/GenAI_faces/morph50_target.png
3,74,DO,DEATH,OTHER,שְׁכוֹל,5,1,1,/Users/omertzuk/code/EEG/vMMR_EEG_PsychoPy_experiment/stimuli/faces/GenAI_faces/other.png,/Users/omertzuk/code/EEG/vMMR_EEG_PsychoPy_experiment/stimuli/faces/GenAI_faces/morph50.png,/Users/omertzuk/code/EEG/vMMR_EEG_PsychoPy_experiment/stimuli/faces/GenAI_faces/other_target.png,/Users/omertzuk/code/EEG/vMMR_EEG_PsychoPy_experiment/stimuli/faces/GenAI_faces/morph50_target.png
3,75,NO,NEGATIVE,OTHER,כָּאפִיָה,4,1,2,/Users/omertzuk/code/EEG/vMMR_EEG_PsychoPy_experiment/stimuli/faces/GenAI_faces/other.png,/Users/omertzuk/code/EEG/vMMR_EEG_PsychoPy_experiment/stimuli/faces/GenAI_faces/morph50.png,/Users/omertzuk/code/EEG/vMMR_EEG_PsychoPy_experiment/stimuli/faces/GenAI_faces/other_target.png,/Users/omertzuk/code/EEG/vMMR_EEG_PsychoPy_experiment/stimuli/faces/GenAI_faces/morph50_target.png
3,76,DO,DEATH,OTHER,נְשָׁמָה,4,0,-1,/Users/omertzuk/code/EEG/vMMR_EEG_PsychoPy_experiment/stimuli/faces/GenAI_faces/other.png,/Users/omertzuk/code/EEG/vMMR_EEG_PsychoPy_experiment/stimuli/faces/GenAI_faces/morph50.png,/Users/omertzuk/code/EEG/vMMR_EEG_PsychoPy_experiment/stimuli/faces/GenAI_faces/other_target.png,/Users/omertzuk/code/EEG/vMMR_EEG_PsychoPy_experiment/stimuli/faces/GenAI_faces/morph50_target.png
3,77,DS,DEATH,SELF,גְּוִיָה,6,1,5,/Users/omertzuk/code/EEG/vMMR_EEG_PsychoPy_experiment/stimuli/faces/GenAI_faces/self.png,/Users/omertzuk/code/EEG/vMMR_EEG_PsychoPy_experiment/stimuli/faces/GenAI_faces/morph50.png,/Users/omertzuk/code/EEG/vMMR_EEG_PsychoPy_experiment/stimuli/faces/GenAI_faces/self_target.png,/Users/omertzuk/code/EEG/vMMR_EEG_PsychoPy_experiment/stimuli/faces/GenAI_faces/morph50_target.png
3,78,NO,NEGATIVE,OTHER,גַנָב,4,0,-1,/Users/omertzuk/code/EEG/vMMR_EEG_PsychoPy_experiment/stimuli/faces/GenAI_faces/other.png,/Users/omertzuk/code/EEG/vMMR_EEG_PsychoPy_experiment/stimuli/faces/GenAI_faces/morph50.png,/Users/omertzuk/code/EEG/vMMR_EEG_PsychoPy_experiment/stimuli/faces/GenAI_faces/other_target.png,/Users/omertzuk/code/EEG/vMMR_EEG_PsychoPy_experiment/stimuli/faces/GenAI_faces/morph50_target.png
3,79,DS,DEATH,SELF,טְבִיעָה,4,1,1,/Users/omertzuk/code/EEG/vMMR_EEG_PsychoPy_experiment/stimuli/faces/GenAI_faces/self.png,/Users/omertzuk/code/EEG/vMMR_EEG_PsychoPy_experiment/stimuli/faces/GenAI_faces/morph50.png,/Users/omertzuk/code/EEG/vMMR_EEG_PsychoPy_experiment/stimuli/faces/GenAI_faces/self_target.png,/Users/omertzuk/code/EEG/vMMR_EEG_PsychoPy_experiment/stimuli/faces/GenAI_faces/morph50_target.png
3,80,DS,DEATH,SELF,תְמוּתָה,6,1,4,/Users/omertzuk/code/EEG/vMMR_EEG_PsychoPy_experiment/stimuli/faces/GenAI_faces/self.png,/Users/omertzuk/code/EEG/vMMR_EEG_PsychoPy_experiment/stimuli/faces/GenAI_faces/morph50.png,/Users/omertzuk/code/EEG/vMMR_EEG_PsychoPy_experiment/stimuli/faces/GenAI_faces/self_target.png,/Users/omertzuk/code/EEG/vMMR_EEG_PsychoPy_experiment/stimuli/faces/GenAI_faces/morph50_target.png
3,81,DO,DEATH,OTHER,פְּטִירָה,6,0,-1,/Users/omertzuk/code/EEG/vMMR_EEG_PsychoPy_experiment/stimuli/faces/GenAI_faces/other.png,/Users/omertzuk/code/EEG/vMMR_EEG_PsychoPy_experiment/stimuli/faces/GenAI_faces/morph50.png,/Users/omertzuk/code/EEG/vMMR_EEG_PsychoPy_experiment/stimuli/faces/GenAI_faces/other_target.png,/Users/omertzuk/code/EEG/vMMR_EEG_PsychoPy_experiment/stimuli/faces/GenAI_faces/morph50_target.png
3,82,NO,NEGATIVE,OTHER,מִיאוּס,3,0,-1,/Users/omertzuk/code/EEG/vMMR_EEG_PsychoPy_experiment/stimuli/faces/GenAI_faces/other.png,/Users/omertzuk/code/EEG/vMMR_EEG_PsychoPy_experiment/stimuli/faces/GenAI_faces/morph50.png,/Users/omertzuk/code/EEG/vMMR_EEG_PsychoPy_experiment/stimuli/faces/GenAI_faces/other_target.png,/Users/omertzuk/code/EEG/vMMR_EEG_PsychoPy_experiment/stimuli/faces/GenAI_faces/morph50_target.png
3,83,DO,DEATH,OTHER,מַגֵיפָה,6,1,2,/Users/omertzuk/code/EEG/vMMR_EEG_PsychoPy_experiment/stimuli/faces/GenAI_faces/other.png,/Users/omertzuk/code/EEG/vMMR_EEG_PsychoPy_experiment/stimuli/faces/GenAI_faces/morph50.png,/Users/omertzuk/code/EEG/vMMR_EEG_PsychoPy_experiment/stimuli/faces/GenAI_faces/other_target.png,/Users/omertzuk/code/EEG/vMMR_EEG_PsychoPy_experiment/stimuli/faces/GenAI_faces/morph50_target.png
3,84,DO,DEATH,OTHER,דְּוַי,4,0,-1,/Users/omertzuk/code/EEG/vMMR_EEG_PsychoPy_experiment/stimuli/faces/GenAI_faces/other.png,/Users/omertzuk/code/EEG/vMMR_EEG_PsychoPy_experiment/stimuli/faces/GenAI_faces/morph50.png,/Users/omertzuk/code/EEG/vMMR_EEG_PsychoPy_experiment/stimuli/faces/GenAI_faces/other_target.png,/Users/omertzuk/code/EEG/vMMR_EEG_PsychoPy_experiment/stimuli/faces/GenAI_faces/morph50_target.png
3,85,DS,DEATH,SELF,יָגוֹן,3,0,-1,/Users/omertzuk/code/EEG/vMMR_EEG_PsychoPy_experiment/stimuli/faces/GenAI_faces/self.png,/Users/omertzuk/code/EEG/vMMR_EEG_PsychoPy_experiment/stimuli/faces/GenAI_faces/morph50.png,/Users/omertzuk/code/EEG/vMMR_EEG_PsychoPy_experiment/stimuli/faces/GenAI_faces/self_target.png,/Users/omertzuk/code/EEG/vMMR_EEG_PsychoPy_experiment/stimuli/faces/GenAI_faces/morph50_target.png
3,86,DO,DEATH,OTHER,תַכְרִיכִים,3,0,-1,/Users/omertzuk/code/EEG/vMMR_EEG_PsychoPy_experiment/stimuli/faces/GenAI_faces/other.png,/Users/omertzuk/code/EEG/vMMR_EEG_PsychoPy_experiment/stimuli/faces/GenAI_faces/morph50.png,/Users/omertzuk/code/EEG/vMMR_EEG_PsychoPy_experiment/stimuli/faces/GenAI_faces/other_target.png,/Users/omertzuk/code/EEG/vMMR_EEG_PsychoPy_experiment/stimuli/faces/GenAI_faces/morph50_target.png
3,87,DO,DEATH,OTHER,מָוֶת,3,0,-1,/Users/omertzuk/code/EEG/vMMR_EEG_PsychoPy_experiment/stimuli/faces/GenAI_faces/other.png,/Users/omertzuk/code/EEG/vMMR_EEG_PsychoPy_experiment/stimuli/faces/GenAI_faces/morph50.png,/Users/omertzuk/code/EEG/vMMR_EEG_PsychoPy_experiment/stimuli/faces/GenAI_faces/other_target.png,/Users/omertzuk/code/EEG/vMMR_EEG_PsychoPy_experiment/stimuli/faces/GenAI_faces/morph50_target.png
3,88,DO,DEATH,OTHER,רַעַל,6,0,-1,/Users/omertzuk/code/EEG/vMMR_EEG_PsychoPy_experiment/stimuli/faces/GenAI_faces/other.png,/Users/omertzuk/code/EEG/vMMR_EEG_PsychoPy_experiment/stimuli/faces/GenAI_faces/morph50.png,/Users/omertzuk/code/EEG/vMMR_EEG_PsychoPy_experiment/stimuli/faces/GenAI_faces/other_target.png,/Users/omertzuk/code/EEG/vMMR_EEG_PsychoPy_experiment/stimuli/faces/GenAI_faces/morph50_target.png
3,89,DO,DEATH,OTHER,גְסִיסָה,5,0,-1,/Users/omertzuk/code/EEG/vMMR_EEG_PsychoPy_experiment/stimuli/faces/GenAI_faces/other.png,/Users/omertzuk/code/EEG/vMMR_EEG_PsychoPy_experiment/stimuli/faces/GenAI_faces/morph50.png,/Users/omertzuk/code/EEG/vMMR_EEG_PsychoPy_experiment/stimuli/faces/GenAI_faces/other_target.png,/Users/omertzuk/code/EEG/vMMR_EEG_PsychoPy_experiment/stimuli/faces/GenAI_faces/morph50_target.png
3,90,DS,DEATH,SELF,כִימוֹתֶרַפְּיָה,5,0,-1,/Users/omertzuk/code/EEG/vMMR_EEG_PsychoPy_experiment/stimuli/faces/GenAI_faces/self.png,/Users/omertzuk/code/EEG/vMMR_EEG_PsychoPy_experiment/stimuli/faces/GenAI_faces/morph50.png,/Users/omertzuk/code/EEG/vMMR_EEG_PsychoPy_experiment/stimuli/faces/GenAI_faces/self_target.png,/Users/omertzuk/code/EEG/vMMR_EEG_PsychoPy_experiment/stimuli/faces/GenAI_faces/morph50_target.png
3,91,DS,DEATH,SELF,הֲרִיגָה,4,0,-1,/Users/omertzuk/code/EEG/vMMR_EEG_PsychoPy_experiment/stimuli/faces/GenAI_faces/self.png,/Users/omertzuk/code/EEG/vMMR_EEG_PsychoPy_experiment/stimuli/faces/GenAI_faces/morph50.png,/Users/omertzuk/code/EEG/vMMR_EEG_PsychoPy_experiment/stimuli/faces/GenAI_faces/self_target.png,/Users/omertzuk/code/EEG/vMMR_EEG_PsychoPy_experiment/stimuli/faces/GenAI_faces/morph50_target.png
3,92,NS,NEGATIVE,SELF,תִּיעוּב,3,0,-1,/Users/omertzuk/code/EEG/vMMR_EEG_PsychoPy_experiment/stimuli/faces/GenAI_faces/self.png,/Users/omertzuk/code/EEG/vMMR_EEG_PsychoPy_experiment/stimuli/faces/GenAI_faces/morph50.png,/Users/omertzuk/code/EEG/vMMR_EEG_PsychoPy_experiment/stimuli/faces/GenAI_faces/self_target.png,/Users/omertzuk/code/EEG/vMMR_EEG_PsychoPy_experiment/stimuli/faces/GenAI_faces/morph50_target.png
3,93,DO,DEATH,OTHER,הָרוּג,4,0,-1,/Users/omertzuk/code/EEG/vMMR_EEG_PsychoPy_experiment/stimuli/faces/GenAI_faces/other.png,/Users/omertzuk/code/EEG/vMMR_EEG_PsychoPy_experiment/stimuli/faces/GenAI_faces/morph50.png,/Users/omertzuk/code/EEG/vMMR_EEG_PsychoPy_experiment/stimuli/faces/GenAI_faces/other_target.png,/Users/omertzuk/code/EEG/vMMR_EEG_PsychoPy_experiment/stimuli/faces/GenAI_faces/morph50_target.png
3,94,NS,NEGATIVE,SELF,עָרִיצוּת,6,1,4,/Users/omertzuk/code/EEG/vMMR_EEG_PsychoPy_experiment/stimuli/faces/GenAI_faces/self.png,/Users/omertzuk/code/EEG/vMMR_EEG_PsychoPy_experiment/stimuli/faces/GenAI_faces/morph50.png,/Users/omertzuk/code/EEG/vMMR_EEG_PsychoPy_experiment/stimuli/faces/GenAI_faces/self_target.png,/Users/omertzuk/code/EEG/vMMR_EEG_PsychoPy_experiment/stimuli/faces/GenAI_faces/morph50_target.png
3,95,DO,DEATH,OTHER,הֶסְפֵּד,3,1,4,/Users/omertzuk/code/EEG/vMMR_EEG_PsychoPy_experiment/stimuli/faces/GenAI_faces/other.png,/Users/omertzuk/code/EEG/vMMR_EEG_PsychoPy_experiment/stimuli/faces/GenAI_faces/morph50.png,/Users/omertzuk/code/EEG/vMMR_EEG_PsychoPy_experiment/stimuli/faces/GenAI_faces/other_target.png,/Users/omertzuk/code/EEG/vMMR_EEG_PsychoPy_experiment/stimuli/faces/GenAI_faces/morph50_target.png
3,96,DO,DEATH,OTHER,מוּמְיָה,5,1,5,/Users/omertzuk/code/EEG/vMMR_EEG_PsychoPy_experiment/stimuli/faces/GenAI_faces/other.png,/Users/omertzuk/code/EEG/vMMR_EEG_PsychoPy_experiment/stimuli/faces/GenAI_faces/morph50.png,/Users/omertzuk/code/EEG/vMMR_EEG_PsychoPy_experiment/stimuli/faces/GenAI_faces/other_target.png,/Users/omertzuk/code/EEG/vMMR_EEG_PsychoPy_experiment/stimuli/faces/GenAI_faces/morph50_target.png
3,97,DO,DEATH,OTHER,חֲנִיטָה,4,0,-1,/Users/omertzuk/code/EEG/vMMR_EEG_PsychoPy_experiment/stimuli/faces/GenAI_faces/other.png,/Users/omertzuk/code/EEG/vMMR_EEG_PsychoPy_experiment/stimuli/faces/GenAI_faces/morph50.png,/Users/omertzuk/code/EEG/vMMR_EEG_PsychoPy_experiment/stimuli/faces/GenAI_faces/other_target.png,/Users/omertzuk/code/EEG/vMMR_EEG_PsychoPy_experiment/stimuli/faces/GenAI_faces/morph50_target.png
3,98,DS,DEATH,SELF,גֵיהִנוֹם,3,0,-1,/Users/omertzuk/code/EEG/vMMR_EEG_PsychoPy_experiment/stimuli/faces/GenAI_faces/self.png,/Users/omertzuk/code/EEG/vMMR_EEG_PsychoPy_experiment/stimuli/faces/GenAI_faces/morph50.png,/Users/omertzuk/code/EEG/vMMR_EEG_PsychoPy_experiment/stimuli/faces/GenAI_faces/self_target.png,/Users/omertzuk/code/EEG/vMMR_EEG_PsychoPy_experiment/stimuli/faces/GenAI_faces/morph50_target.png
3,99,DO,DEATH,OTHER,הִתְאַבְּדוּת,3,0,-1,/Users/omertzuk/code/EEG/vMMR_EEG_PsychoPy_experiment/stimuli/faces/GenAI_faces/other.png,/Users/omertzuk/code/EEG/vMMR_EEG_PsychoPy_experiment/stimuli/faces/GenAI_faces/morph50.png,/Users/omertzuk/code/EEG/vMMR_EEG_PsychoPy_experiment/stimuli/faces/GenAI_faces/other_target.png,/Users/omertzuk/code/EEG/vMMR_EEG_PsychoPy_experiment/stimuli/faces/GenAI_faces/morph50_target.png
3,100,DO,DEATH,OTHER,זִיקְנָה,6,1,2,/Users/omertzuk/code/EEG/vMMR_EEG_PsychoPy_experiment/stimuli/faces/GenAI_faces/other.png,/Users/omertzuk/code/EEG/vMMR_EEG_PsychoPy_experiment/stimuli/faces/GenAI_faces/morph50.png,/Users/omertzuk/code/EEG/vMMR_EEG_PsychoPy_experiment/stimuli/faces/GenAI_faces/other_target.png,/Users/omertzuk/code/EEG/vMMR_EEG_PsychoPy_experiment/stimuli/faces/GenAI_faces/morph50_target.png
3,101,DO,DEATH,OTHER,אֵפֶר,5,1,2,/Users/omertzuk/code/EEG/vMMR_EEG_PsychoPy_experiment/stimuli/faces/GenAI_faces/other.png,/Users/omertzuk/code/EEG/vMMR_EEG_PsychoPy_experiment/stimuli/faces/GenAI_faces/morph50.png,/Users/omertzuk/code/EEG/vMMR_EEG_PsychoPy_experiment/stimuli/faces/GenAI_faces/other_target.png,/Users/omertzuk/code/EEG/vMMR_EEG_PsychoPy_experiment/stimuli/faces/GenAI_faces/morph50_target.png
3,102,NS,NEGATIVE,SELF,נִיאוּף,4,0,-1,/Users/omertzuk/code/EEG/vMMR_EEG_PsychoPy_experiment/stimuli/faces/GenAI_faces/self.png,/Users/omertzuk/code/EEG/vMMR_EEG_PsychoPy_experiment/stimuli/faces/GenAI_faces/morph50.png,/Users/omertzuk/code/EEG/vMMR_EEG_PsychoPy_experiment/stimuli/faces/GenAI_faces/self_target.png,/Users/omertzuk/code/EEG/vMMR_EEG_PsychoPy_experiment/stimuli/faces/GenAI_faces/morph50_target.png
3,103,DS,DEATH,SELF,לְוָיָה,5,0,-1,/Users/omertzuk/code/EEG/vMMR_EEG_PsychoPy_experiment/stimuli/faces/GenAI_faces/self.png,/Users/omertzuk/code/EEG/vMMR_EEG_PsychoPy_experiment/stimuli/faces/GenAI_faces/morph50.png,/Users/omertzuk/code/EEG/vMMR_EEG_PsychoPy_experiment/stimuli/faces/GenAI_faces/self_target.png,/Users/omertzuk/code/EEG/vMMR_EEG_PsychoPy_experiment/stimuli/faces/GenAI_faces/morph50_target.png
3,104,DO,DEATH,OTHER,אֵבֶל,4,0,-1,/Users/omertzuk/code/EEG/vMMR_EEG_PsychoPy_experiment/stimuli/faces/GenAI_faces/other.png,/Users/omertzuk/code/EEG/vMMR_EEG_PsychoPy_experiment/stimuli/faces/GenAI_faces/morph50.png,/Users/omertzuk/code/EEG/vMMR_EEG_PsychoPy_experiment/stimuli/faces/GenAI_faces/other_target.png,/Users/omertzuk/code/EEG/vMMR_EEG_PsychoPy_experiment/stimuli/faces/GenAI_faces/morph50_target.png
3,105,DS,DEATH,SELF,פּוֹגְרוֹם,6,0,-1,/Users/omertzuk/code/EEG/vMMR_EEG_PsychoPy_experiment/stimuli/faces/GenAI_faces/self.png,/Users/omertzuk/code/EEG/vMMR_EEG_PsychoPy_experiment/stimuli/faces/GenAI_faces/morph50.png,/Users/omertzuk/code/EEG/vMMR_EEG_PsychoPy_experiment/stimuli/faces/GenAI_faces/self_target.png,/Users/omertzuk/code/EEG/vMMR_EEG_PsychoPy_experiment/stimuli/faces/GenAI_faces/morph50_target.png
3,106,NS,NEGATIVE,SELF,גֶּזֶל,3,0,-1,/Users/omertzuk/code/EEG/vMMR_EEG_PsychoPy_experiment/stimuli/faces/GenAI_faces/self.png,/Users/omertzuk/code/EEG/vMMR_EEG_PsychoPy_experiment/stimuli/faces/GenAI_faces/morph50.png,/Users/omertzuk/code/EEG/vMMR_EEG_PsychoPy_experiment/stimuli/faces/GenAI_faces/self_target.png,/Users/omertzuk/code/EEG/vMMR_EEG_PsychoPy_experiment/stimuli/faces/GenAI_faces/morph50_target.png
3,107,NO,NEGATIVE,OTHER,שׁוֹט,4,0,-1,/Users/omertzuk/code/EEG/vMMR_EEG_PsychoPy_experiment/stimuli/faces/GenAI_faces/other.png,/Users/omertzuk/code/EEG/vMMR_EEG_PsychoPy_experiment/stimuli/faces/GenAI_faces/morph50.png,/Users/omertzuk/code/EEG/vMMR_EEG_PsychoPy_experiment/stimuli/faces/GenAI_faces/other_target.png,/Users/omertzuk/code/EEG/vMMR_EEG_PsychoPy_experiment/stimuli/faces/GenAI_faces/morph50_target.png
3,108,NO,NEGATIVE,OTHER,גְנֵיבָה,6,0,-1,/Users/omertzuk/code/EEG/vMMR_EEG_PsychoPy_experiment/stimuli/faces/GenAI_faces/other.png,/Users/omertzuk/code/EEG/vMMR_EEG_PsychoPy_experiment/stimuli/faces/GenAI_faces/morph50.png,/Users/omertzuk/code/EEG/vMMR_EEG_PsychoPy_experiment/stimuli/faces/GenAI_faces/other_target.png,/Users/omertzuk/code/EEG/vMMR_EEG_PsychoPy_experiment/stimuli/faces/GenAI_faces/morph50_target.png
3,109,NO,NEGATIVE,OTHER,רְעָלָה,6,0,-1,/Users/omertzuk/code/EEG/vMMR_EEG_PsychoPy_experiment/stimuli/faces/GenAI_faces/other.png,/Users/omertzuk/code/EEG/vMMR_EEG_PsychoPy_experiment/stimuli/faces/GenAI_faces/morph50.png,/Users/omertzuk/code/EEG/vMMR_EEG_PsychoPy_experiment/stimuli/faces/GenAI_faces/other_target.png,/Users/omertzuk/code/EEG/vMMR_EEG_PsychoPy_experiment/stimuli/faces/GenAI_faces/morph50_target.png
3,110,NS,NEGATIVE,SELF,בִּיזוּי,3,0,-1,/Users/omertzuk/code/EEG/vMMR_EEG_PsychoPy_experiment/stimuli/faces/GenAI_faces/self.png,/Users/omertzuk/code/EEG/vMMR_EEG_PsychoPy_experiment/stimuli/faces/GenAI_faces/morph50.png,/Users/omertzuk/code/EEG/vMMR_EEG_PsychoPy_experiment/stimuli/faces/GenAI_faces/self_target.png,/Users/omertzuk/code/EEG/vMMR_EEG_PsychoPy_experiment/stimuli/faces/GenAI_faces/morph50_target.png
3,111,DS,DEATH,SELF,אוֹבְדָן,4,1,5,/Users/omertzuk/code/EEG/vMMR_EEG_PsychoPy_experiment/stimuli/faces/GenAI_faces/self.png,/Users/omertzuk/code/EEG/vMMR_EEG_PsychoPy_experiment/stimuli/faces/GenAI_faces/morph50.png,/Users/omertzuk/code/EEG/vMMR_EEG_PsychoPy_experiment/stimuli/faces/GenAI_faces/self_target.png,/Users/omertzuk/code/EEG/vMMR_EEG_PsychoPy_experiment/stimuli/faces/GenAI_faces/morph50_target.png
3,112,DS,DEATH,SELF,גוּלְגוֹלֶת,6,1,4,/Users/omertzuk/code/EEG/vMMR_EEG_PsychoPy_experiment/stimuli/faces/GenAI_faces/self.png,/Users/omertzuk/code/EEG/vMMR_EEG_PsychoPy_experiment/stimuli/faces/GenAI_faces/morph50.png,/Users/omertzuk/code/EEG/vMMR_EEG_PsychoPy_experiment/stimuli/faces/GenAI_faces/self_target.png,/Users/omertzuk/code/EEG/vMMR_EEG_PsychoPy_experiment/stimuli/faces/GenAI_faces/morph50_target.png
3,113,DS,DEATH,SELF,סַרְטָן,6,1,5,/Users/omertzuk/code/EEG/vMMR_EEG_PsychoPy_experiment/stimuli/faces/GenAI_faces/self.png,/Users/omertzuk/code/EEG/vMMR_EEG_PsychoPy_experiment/stimuli/faces/GenAI_faces/morph50.png,/Users/omertzuk/code/EEG/vMMR_EEG_PsychoPy_experiment/stimuli/faces/GenAI_faces/self_target.png,/Users/omertzuk/code/EEG/vMMR_EEG_PsychoPy_experiment/stimuli/faces/GenAI_faces/morph50_target.png
3,114,NS,NEGATIVE,SELF,זִלְזוּל,4,1,2,/Users/omertzuk/code/EEG/vMMR_EEG_PsychoPy_experiment/stimuli/faces/GenAI_faces/self.png,/Users/omertzuk/code/EEG/vMMR_EEG_PsychoPy_experiment/stimuli/faces/GenAI_faces/morph50.png,/Users/omertzuk/code/EEG/vMMR_EEG_PsychoPy_experiment/stimuli/faces/GenAI_faces/self_target.png,/Users/omertzuk/code/EEG/vMMR_EEG_PsychoPy_experiment/stimuli/faces/GenAI_faces/morph50_target.png
3,115,NO,NEGATIVE,OTHER,אֲסִיר,5,0,-1,/Users/omertzuk/code/EEG/vMMR_EEG_PsychoPy_experiment/stimuli/faces/GenAI_faces/other.png,/Users/omertzuk/code/EEG/vMMR_EEG_PsychoPy_experiment/stimuli/faces/GenAI_faces/morph50.png,/Users/omertzuk/code/EEG/vMMR_EEG_PsychoPy_experiment/stimuli/faces/GenAI_faces/other_target.png,/Users/omertzuk/code/EEG/vMMR_EEG_PsychoPy_experiment/stimuli/faces/GenAI_faces/morph50_target.png
3,116,DS,DEATH,SELF,קְבוּרָה,4,0,-1,/Users/omertzuk/code/EEG/vMMR_EEG_PsychoPy_experiment/stimuli/faces/GenAI_faces/self.png,/Users/omertzuk/code/EEG/vMMR_EEG_PsychoPy_experiment/stimuli/faces/GenAI_faces/morph50.png,/Users/omertzuk/code/EEG/vMMR_EEG_PsychoPy_experiment/stimuli/faces/GenAI_faces/self_target.png,/Users/omertzuk/code/EEG/vMMR_EEG_PsychoPy_experiment/stimuli/faces/GenAI_faces/morph50_target.png
3,117,NO,NEGATIVE,OTHER,שׁוֹחַד,6,0,-1,/Users/omertzuk/code/EEG/vMMR_EEG_PsychoPy_experiment/stimuli/faces/GenAI_faces/other.png,/Users/omertzuk/code/EEG/vMMR_EEG_PsychoPy_experiment/stimuli/faces/GenAI_faces/morph50.png,/Users/omertzuk/code/EEG/vMMR_EEG_PsychoPy_experiment/stimuli/faces/GenAI_faces/other_target.png,/Users/omertzuk/code/EEG/vMMR_EEG_PsychoPy_experiment/stimuli/faces/GenAI_faces/morph50_target.png
3,118,NS,NEGATIVE,SELF,נְשִׁיכָה,5,0,-1,/Users/omertzuk/code/EEG/vMMR_EEG_PsychoPy_experiment/stimuli/faces/GenAI_faces/self.png,/Users/omertzuk/code/EEG/vMMR_EEG_PsychoPy_experiment/stimuli/faces/GenAI_faces/morph50.png,/Users/omertzuk/code/EEG/vMMR_EEG_PsychoPy_experiment/stimuli/faces/GenAI_faces/self_target.png,/Users/omertzuk/code/EEG/vMMR_EEG_PsychoPy_experiment/stimuli/faces/GenAI_faces/morph50_target.png
3,119,NO,NEGATIVE,OTHER,צְבִיעוּת,6,1,1,/Users/omertzuk/code/EEG/vMMR_EEG_PsychoPy_experiment/stimuli/faces/GenAI_faces/other.png,/Users/omertzuk/code/EEG/vMMR_EEG_PsychoPy_experiment/stimuli/faces/GenAI_faces/morph50.png,/Users/omertzuk/code/EEG/vMMR_EEG_PsychoPy_experiment/stimuli/faces/GenAI_faces/other_target.png,/Users/omertzuk/code/EEG/vMMR_EEG_PsychoPy_experiment/stimuli/faces/GenAI_faces/morph50_target.png
3,120,NO,NEGATIVE,OTHER,בְּחִילָה,6,0,-1,/Users/omertzuk/code/EEG/vMMR_EEG_PsychoPy_experiment/stimuli/faces/GenAI_faces/other.png,/Users/omertzuk/code/EEG/vMMR_EEG_PsychoPy_experiment/stimuli/faces/GenAI_faces/morph50.png,/Users/omertzuk/code/EEG/vMMR_EEG_PsychoPy_experiment/stimuli/faces/GenAI_faces/other_target.png,/Users/omertzuk/code/EEG/vMMR_EEG_PsychoPy_experiment/stimuli/faces/GenAI_faces/morph50_target.png
